"State","Municipality","Name Id","Place Name","Place Name Status","Feature Type Code","Feature Type","Longitude","Latitude","Place Id","Gender","Gazette Published date","Gazette Reference","Gazette URL","Historical Information","Origin Language","Australian Indigenous Language","Anzac Related Name","Date First Recorded Day","Date First Recorded Month","Date First Recorded Year","Source","Author","Title","Date Published Day","Date Published Month","Date Published Year","Publisher","Place of Publication","Pages(s)","Editor","Chapter Title","Journal Name","Issue","Year","Newspaper","File Number","Site Owner","Page Title","Site Title","Url","Location","Type of Artefact","Cartographer","Scale","Informant","Tape Title","Tape Number","Municipal Name","Endorsed by Council","Council Minutes","Organisation Name","Endorsed by GPNAP"
"VIC","WANGARATTA RURAL CITY","126039","2 24 BATTALION DRIVE","REGISTERED","RNO","ROAD NAME ORIGIN","146.293133","-36.3739558","125208","","","","","The 2/24 Battalion has a Memorial Wall along the main entrance to the cemetery. The main entrance that passes the Memorial Wall was named &#39;2/24 Battalion&#39; in recognition of the Battalion.","","","","","","2013","Council","","","","","","","","","","","","","","","","","","","","","","","","","","","Wangaratta","","","","","1"
"VIC","WANGARATTA RURAL CITY","125579","A N M ROAD","REGISTERED","RNO","ROAD NAME ORIGIN","146.4578457","-36.8099443","124795","","","","","The private road has been known locally for over 30 years as ANM Road (private
access to a plantation owned by Australian Newsprint Mills (ANM) that is no
longer there). ANM constructed the existing bridge on the road during 1996, to
allow access for logging trucks etc. after the previous timber bridge was burnt.","","","","","","","Council","","","","","","","","1","","","","","","","","","","","","","","","","","","","Wangaratta Rural City","","","","","1"
"VIC","KINGSTON CITY","129953","ABBEY LANE","REGISTERED","RNO","ROAD NAME ORIGIN","145.1080153","-38.0386675","128913","","","","","","","","","","","","","","","","","","","","","","","","","","","","","","","","","","","","","","","","","","","",""
"VIC","WARRNAMBOOL CITY","120263","ABBEY LANE","REGISTERED","RNO","ROAD NAME ORIGIN","142.4688186","-38.3800543","119833","","","","","Benjamin Abbey (1862-1943) served two terms as a Warrnambool Councillor 1913-16 and 1920-30. He served as Mayor 1924-26 during the building of the Municipal Chambers. He was Manager of the Warrnambool branch of the Co-Operative Box Works of Victoria situated in South Warrnambool and a Trustee of the Methodist Church. His 2nd wife, Mrs Anastasia Abbey, died in 1994.","","","","29","4","1991","Council","","","","","","","","","","","","","","","","","","","","","","","","","","","Warrnambool","Yes","","","","1"
"VIC","BASS COAST SHIRE","127375","ABBOTT STREET","REGISTERED","RNO","ROAD NAME ORIGIN","145.718801","-38.6365263","126536","","","","","In 1923, Mr F.W. Abbott, a Melbourne Real Estate Agent established a golf link west of Inverloch, which included fairways, bunkers, greens, watering dams, and a gold house. The course was later abandoned and the Abbott Estate was created, with streets such as Golf Street, Club Street, and Abbott Street.","","","","","","","Council","","","","","","","","","","","","","","","","","","","","","","","","","","","Bass Coast Shire","Yes","","","","1"
"VIC","BAYSIDE CITY","123775","ABBOTT STREET","REGISTERED","RNO","ROAD NAME ORIGIN","145.0195305","-37.950629","123083","","","","","","","","","","","","","","","","","","","","","","","","","","","","","","","","","","","","","","","","","","","",""
"VIC","STONNINGTON CITY","125208","ABECKETT STREET","REGISTERED","RNO","ROAD NAME ORIGIN","145.0094007","-37.8515492","124447","","","","","Previously known as Pohlman Street. Changed 16 October 1916. ","","","","","","","Council","","","","","","","","10","","","","","","","","","","","","","","","","","","","City of Stonnington","","","","","1"
"VIC","BASS COAST SHIRE","127636","ABECKETT STREET","REGISTERED","RNO","ROAD NAME ORIGIN","145.7281399","-38.6338484","126797","","","","","Named after William Arthur A&#39;Beckett, who purchased numerous properties in central Inverloch in 1884 in the town&#39;s first land sales. ","","","","","","","Council","","","","","","","","","","","","","","","","","","","","","","","","","","","Bass Coast Shire","Yes","","","","1"
"VIC","MELBOURNE CITY","119550","ABECKETT STREET","REGISTERED","RNO","ROAD NAME ORIGIN","144.9633372","-37.8085215","119159","","","","","Named after Sir William A'Beckett, Port Phillip Resident Judge from 1845 and Victoria's first Chief Justice.","","","","","","1845","Newspaper","The Royal Historical Society of Victoria","Melbourne's Streets & Lanes","","","2004","","","N/A","","","","RHSV Discovery Series Number 2","","Melbourne's Streets & Lanes","","","","","","","","","","","","","","","","","","1"
"VIC","WELLINGTON SHIRE","127945","ABERCROMBIE COURT","REGISTERED","RNO","ROAD NAME ORIGIN","146.6743326","-38.5662625","127101","","","","","Percy was born in Yarram. He returned after serving on the Western Front. He was awarded the Military Cross &#39;for conspicuous gallantry and devotion to duty&#39;. During an attack when our advance was held up by the fire of a hostile machine gun, this officer rushed forward with a bomb, with which he killed the gunner and put the gun out of action. Rallying the men, who had been checked, he charged forward with fearless energy, and captured, after a hand-to-hand fight, the objective in his front, securing fifteen prisoners. Throughout the operation his coolness under heavy fire and his disregard for danger set a very fine example to his men.&#39; Source: &#39;Commonwealth Gazette&#39; No. 15 Date: 4 February 1919","","","Yes","2","7","2019","Council","","","","","","","","","","","","","","","","","","","","","","","","","","","Wellington Shire Council","Yes","2/7/2019","","","1"
"VIC","WHITEHORSE CITY","128494","ABERCROMBY ROAD","REGISTERED","RNO","ROAD NAME ORIGIN","145.144049","-37.8373606","127642","","","","","","","","","","","","","","","","","","","","","","","","","","","","","","","","","","","","","","","","","","","",""
"VIC","WODONGA CITY","122922","ABERDEEN DRIVE","REGISTERED","RNO","ROAD NAME ORIGIN","146.862709","-36.115906","122289","","","","","Scottish Town theme for Garraleigh Estate and Murray Brae Estate. Named by developers, Cliff Drummond and partners.","","","","","","","Council","","","","","","","","","","","","","","","","","","","","","","","","","","","City of Wodonga","Yes","","","","1"
"VIC","WARRNAMBOOL CITY","120264","ABERLINE ROAD","REGISTERED","RNO","ROAD NAME ORIGIN","142.5189689","-38.3586245","119834","","","","","Joseph Aberline (1809-1874) arrived in Warrnambool in 1849 after spending some years in New Zealand. His property, ""The Grove"", built on Wangoom Road in the 1860s was the site of a brick-making enterprise established by his son, John in 1891. It was from the Wangoom Road property that large boulders were taken for use as some of the filling for the Warrnambool breakwater. 
","","","","","","1900","Council","","","","","","","","","","","","","","","","","","","","","","","","","","","Warrnambool","Yes","","","","1"
"VIC","GREATER GEELONG CITY","129993","ABERVALE WAY","REGISTERED","RNO","ROAD NAME ORIGIN","144.3303863","-38.1956231","128949","","","","","Presumably named for the Abervale Retirement Village, the name Abervale was selected to reference the Aberdeen Street Baptist Church, who began constructing the retirement village in 1983, as well as the suburb of Grovedale.","","","","","","","Website","Unknown","","2","5","2024","","","","","","","","","","","Keyton Holdings Pty Ltd","Abervale Celebrates 40 year Anniversary","Keyton","https://keyton.com.au/home/blogs/abervale-celebrates-40-year-anniversary","","","","","","","","","","","","","1"
"VIC","BASS COAST SHIRE","127201","ABINGDON AVENUE","REGISTERED","RNO","ROAD NAME ORIGIN","145.2077886","-38.4613815","126353","","","","","British racing track. ","","","","","","","Council","","","","","","","","","","","","","","","","","","","","","","","","","","","Bass Coast Shire","Yes","","","","1"
"VIC","WHITEHORSE CITY","128479","ACACIA AVENUE","REGISTERED","RNO","ROAD NAME ORIGIN","145.1445835","-37.8255604","127628","","","","","One of a series of botanical names","","","","","","","Website","Whitehorse Historical Society Inc.","","20","12","2022","","","","","","","","","","","Whitehorse Historical Society Inc.","Street Names","Whitehorse Historical Society Inc.","https://whitehorsehistory.org.au/street-names/#:~:text=Street%20Names%20%20%20%20STREET%20%20,%20%20","","","","","","","","","","","","","1"
"VIC","BASS COAST SHIRE","127324","ACACIA AVENUE","REGISTERED","RNO","ROAD NAME ORIGIN","145.3086517","-38.5100042","126485","","","","","Flora / Fauna.","","","","","","","Council","","","","","","","","","","","","","","","","","","","","","","","","","","","Bass Coast Shire","Yes","","","","1"
"VIC","BASS COAST SHIRE","127271","ACACIA CLOSE","REGISTERED","RNO","ROAD NAME ORIGIN","145.2417657","-38.4611559","126431","","","","","Flora / Fauna.","","","","","","","Council","","","","","","","","","","","","","","","","","","","","","","","","","","","Bass Coast Shire","Yes","","","","1"
"VIC","WARRNAMBOOL CITY","120283","ACACIA COURT","REGISTERED","RNO","ROAD NAME ORIGIN","142.5172705","-38.3935826","119847","","","","","Part of the private ""Motang Park"" subdivision. Acacia is the botanical name of the Australian Wattle.","","","","","","1982","Council","","","","","","","","","","","","","","","","","","","","","","","","","","","Warrnambool","No","","","","1"
"VIC","BASS COAST SHIRE","127323","ACACIA COURT","REGISTERED","RNO","ROAD NAME ORIGIN","145.6986879","-38.6442638","126484","","","","","Flora / Fauna.","","","","","","","Council","","","","","","","","","","","","","","","","","","","","","","","","","","","Bass Coast Shire","Yes","","","","1"
"VIC","WODONGA CITY","122925","ACACIA CRESCENT","REGISTERED","RNO","ROAD NAME ORIGIN","146.8691652","-36.1265586","122292","","","","","Flora theme for Parkland Estate.","","","","","","","Council","","","","","","",""," ","","","","","","","","","","","","","","","","","","","CITY OF WODONGA","","","","","1"
"VIC","MOONEE VALLEY CITY","119780","ACACIA LANE","REGISTERED","RNO","ROAD NAME ORIGIN","144.9283528","-37.7853264","119382","","","","","The name was selected to continue the horticultural/botanical theme of the area, as there are two nearby streets which have names derived from tree types, i.e. Oak street and Elm Street.","","","","","5","2008","Oral","","","","","","","","","","","","","","","","","","","","","","","","Council","","","","","","","","1"
"VIC","BASS COAST SHIRE","127322","ACACIA ROAD","REGISTERED","RNO","ROAD NAME ORIGIN","145.5402249","-38.4146899","126483","","","","","Flora / Fauna.","","","","","","","Council","","","","","","","","","","","","","","","","","","","","","","","","","","","Bass Coast Shire","Yes","","","","1"
"VIC","WHITEHORSE CITY","121187","ACACIA STREET","REGISTERED","RNO","ROAD NAME ORIGIN","145.1202617","-37.8254256","120663","","","","","","","","","","","","","","","","","","","","","","","","","","","","","","","","","","","","","","","","","","","",""
"VIC","GREATER BENDIGO CITY","122482","ACACIA STREET","REGISTERED","RNO","ROAD NAME ORIGIN","144.2719357","-36.7563567","121858","","","","","","","","","","","","","","","","","","","","","","","","","","","","","","","","","","","","","","","","","","","",""
"VIC","MELBOURNE CITY","120353","ACDC LANE","REGISTERED","RNO","ROAD NAME ORIGIN","144.9708033","-37.8153467","119915","","","","","""Named after the Australian musical heroes, ACDC Lane is the physical embodiment of Melbourne's enduring love affair with dirty, low-down rock 'n' roll. Once home to the infamous Cherry Bar, where every young hoon and swashbuckler had gotten into strife at some stage, this little corner of the city is what kick-started the laneway lifestyle way back when.""","","","","","","","Website","Visit Melbourne","","30","2","2020","","","","","","","","","","","Visit Melbourne","ACDC Lane","Visit Melbourne ","www.visitmelbourne.com/regions/Melbourne/Destinations/Streets/VV-ACDC-Lane","","","","","","","","","","","","","1"
"VIC","WODONGA CITY","122926","ACE COURT","REGISTERED","RNO","ROAD NAME ORIGIN","146.8425873","-36.1284698","122293","","","","","Golf Theme for Country Club Estate.","","","","","","","Council","","","","","","","","  ","","","","","","","","","","","","","","","","","","","City of Wodonga","","","","","1"
"VIC","EAST GIPPSLAND SHIRE","126439","ACE ROAD","REGISTERED","RNO","ROAD NAME ORIGIN","148.9418677","-37.5545263","125601","","","","","This name is derived from one of the first gold discoveries in 1895 (near Bemm River that was soon to be named Club Terrace) the first reef was called &#39;Ace of Clubs&#39;.","","","","","","2013","Council","","","","","","","","","","","","","","","","","","","","","","","","","","","East Gippsland Shire","","","","","1"
"VIC","SOUTH GIPPSLAND SHIRE","122599","ACHARDLE ROAD","REGISTERED","RNO","ROAD NAME ORIGIN","146.126564","-38.4516362","121972","","","","","This road runs through the property known as ""ACHARDLE"". The property was given its name by Mr. James William Campbell, who first selected the land and settled here in the locality of Mardan.","","","","20","11","2002","Council","","","","","","","","21-22","","","","","","","","","","","","","","","","","","","South Gippsland Shire Council","Yes","Ordinary Council Meeting","","","1"
"VIC","PORT PHILLIP CITY","129960","ACLAND STREET","REGISTERED","RNO","ROAD NAME ORIGIN","144.9787359","-37.8674705","128915","","","","","","","","","","","","","","","","","","","","","","","","","","","","","","","","","","","","","","","","","","","",""
"VIC","WARRNAMBOOL CITY","120212","ADAM COURT","REGISTERED","RNO","ROAD NAME ORIGIN","142.4975629","-38.369565","119783","","","","","Named in recognition of Adam Smith, a son of the developer, Mr. Neville Smith.","","","","13","6","1990","Council","","","","","","",""," ","","","","","","","","","","","","","","","","","","","Warrnambool City Council","Yes","","","","1"
"VIC","WODONGA CITY","122927","ADAMS COURT","REGISTERED","RNO","ROAD NAME ORIGIN","146.8344555","-36.1303663","122294","","","","","Named after a local pioneer, Phillip Adams.   Phillip Adams came to Wodonga from England in the 1860's and settled in Wodonga 1861 where he purchased ÿ½ acre of land and built a home.  He later purchased 300 acres of land in Wodonga West that was bounded by Coyles Road and Ingrams Road for cattle and vines.  He also worked as a bridge and road contractor for Victoria and NSW Governments.

Name first appeared on Western Park Estate Stage 1 Plan of Subdivision  PS326814 dated 26th August 1993","","","","","","","Council","","","","","","","","  ","","","","","","","","","","","","","","","","","","","City of Wodonga","","","","","1"
"VIC","SOUTH GIPPSLAND SHIRE","122485","ADAMS LANE","REGISTERED","RNO","ROAD NAME ORIGIN","145.7779399","-38.268596","121860","","","","","The Adams family were pioneers that originally settled in Poowong North in early 1900.  These pioneers established the current lane on the ground, and their descendants still reside on the surrounding land.","","","","18","6","2008","Council","","","","","","","","139-143","","","","","","","","","","","","","","","","","","","South Gippsland Shire Council","No","Vic	 3953","","","1"
"VIC","MANSFIELD SHIRE","125024","ADAMS STREET","REGISTERED","RNO","ROAD NAME ORIGIN","146.0815526","-37.055195","124263","","","","","","","","","","","","","","","","","","","","","","","","","","","","","","","","","","","","","","","","","","","",""
"VIC","YARRA RANGES SHIRE","126576","ADELIA CLOSE","REGISTERED","RNO","ROAD NAME ORIGIN","145.5241988","-37.6476396","125736","","","","","Private road.","","","","","","2014","Council","","","","","","","","","","","","","","","","","","","","","","","","","","","Yarra Ranges Shire","","","","","1"
"VIC","WHITTLESEA CITY","126896","ADITI LANE","REGISTERED","RNO","ROAD NAME ORIGIN","144.9962727","-37.6204466","126055","","","","","&#39;Aditi&#39; was selected as it is consistent with the naming theme in the locality. &#39;Aditi&#39; means first mother, goddess of space, infinity and timelessness and protective goddess who helps people overcome obstacles.","","","","","","2017","Council","","","","","","","","","","","","","","","","","","","","","","","","","","","Whittlesea City","","","","","1"
"VIC","SOUTH GIPPSLAND SHIRE","123689","ADKINS STREET","REGISTERED","RNO","ROAD NAME ORIGIN","145.8103662","-38.4271644","123014","","","","","Ronald Edgar Adkins - Regimental service number 4128
Son of Talbot Adkins, possibly a cousin of Aubrey Adkins. On 18 March 1916, he enlisted at 26 years and 10 months old. Occupation listed as farming. He was appointed Lance Corporal on 16 February 1917. Killed in action in France on 9 March 1917. Eye witness Capt. W. B. Campbell (7th A.I.F) records his account of his death in the Red Cross Missing and Wounded Report: 'L/Cpl. Adkins was killed by a 'fish-tail' bomb' at Ligny-Thilloy March 4th, holding the trenches. There was no padre available and no cross as we were following up the evacuation [he was] Medium build - round face - dark, very popular with the men.' ","","","","","","","Council","","","","","","","","","","","","","","","","","","","","","","","","","","","South Gippsland Shire Council","","","","","1"
"VIC","SOUTH GIPPSLAND SHIRE","123689","ADKINS STREET","REGISTERED","RNO","ROAD NAME ORIGIN","145.8103662","-38.4271644","123014","","","","","Aubrey Roland Adkins - Regimental service number 104
Son of Alice and Roland Adkins, residents of Cobden. Occupation listed as dairy farmer. On 8 February 1915, he enlisted at 18 years old and 11 months. No 104, A Company, 22nd Battalion. He saw service in Alexandria and France. He was killed in action at Pozieres in France between 27 July and 4 August 1915. There is no marked grave. ","","","Yes","","","","Council","","","","","","","","","","","","","","","","","","","","","","","","","","","South Gippsland Shire Council","","","","","1"
"VIC","BASS COAST SHIRE","127770","ADMIRAL CLOSE","REGISTERED","RNO","ROAD NAME ORIGIN","145.2155588","-38.4610462","126932","","","","","Ship name or position title (Senior commander of a fleet).","","","","","","","Council","","","","","","","","","","","","","","","","","","","","","","","","","","","Bass Coast Shire","Yes","","","","1"
"VIC","MARIBYRNONG CITY","125713","ADORI STREET","REGISTERED","RNO","ROAD NAME ORIGIN","144.8845242","-37.7854487","124912","","","","","It was previously known as Adori Place.","","","","30","7","2020","OGN","","","","","","","","","","","","","","","","","","","","","","","","","","","","","","Geographic Names Victoria","","1"
"VIC","WARRNAMBOOL CITY","120223","ADRIANA CRESCENT","REGISTERED","RNO","ROAD NAME ORIGIN","142.4533121","-38.3598312","119794","","","","","During the 1950s, 1960s and early 1970s the land this subdivision was built on was farmed by Reginald Dalton Hooker (1894-1973). His grandfather was Sir Joseph Dalton Hooker (1817-1911) one of the greatest British botanists and explorers of the 19th century. He was Director of the Royal Botanical gardens, Kew, for twenty years, in succession to his father Sir William Jackson Hooker (1875-1865).

Sir Joseph Hooker identified many plants sent to him from Australia and the street name is chosen to reflect this botanical background. The Hooker species (Adriana hookeri - Mallee Bitterbush) is named after him.","","","","15","9","2004","Council","","","","","","","","","","","","","","","","","","","","","","","","","","","Warrnambool","Yes","","","","1"
"VIC","SURF COAST SHIRE","126674","AGNES LANE","REGISTERED","RNO","ROAD NAME ORIGIN","144.1864152","-38.402096","125833","","","","","In recognition of Mrs Agnes Murray, wife of A. Murray who in 1880 purchased land nearby and ran a boarding /guest house known locally as &#34;Mrs Murray&#39;s&#34;.","","","","","","2016","Council","","","","","","","","","","","","","","","","","","","","","","","","","","","Surf Coast Shire","","","","","1"
"VIC","WARRNAMBOOL CITY","120280","AGNES STREET","REGISTERED","RNO","ROAD NAME ORIGIN","142.5914468","-38.387572","119844","","","","","Named after Agnes Christina Allan (c.1861-1926) daughter of John McMahon Allan (one of the founders of Allansford) and his wife Catherine O'Farrell.

Agnes Allan married Heneage Murray Gibbes in 1890.","","","","","","1900","Council","","","","","","","","","","","","","","","","","","","","","","","","","","","Warrnambool","Yes","","","","1"
"VIC","WHITEHORSE CITY","128483","AGNEW STREET","REGISTERED","RNO","ROAD NAME ORIGIN","145.1392368","-37.8326536","127631","","","","","One of a series of Scottish place names","","","","","","","Website","Whitehorse Historical Society Inc.","","12","1","2023","","","","","","","","","","","Whitehorse Historical Society Inc.","Street Names","Whitehorse Historical Society Inc.","https://whitehorsehistory.org.au/street-names/#:~:text=Street%20Names%20%20%20%20STREET%20%20,%20%20","","","","","","","","","","","","","1"
"VIC","WHITEHORSE CITY","128484","AGRA STREET","REGISTERED","RNO","ROAD NAME ORIGIN","145.1940483","-37.820862","127632","","","","","By ret. Army officer, series of Indian cities","","","","","","","Website","Whitehorse Historical Society Inc.","","12","1","2023","","","","","","","","","","","Whitehorse Historical Society Inc.","Street Names","Whitehorse Historical Society Inc.","https://whitehorsehistory.org.au/street-names/#:~:text=Street%20Names%20%20%20%20STREET%20%20,%20%20","","","","","","","","","","","","","1"
"VIC","BOROONDARA CITY","123749","AIF STREET","REGISTERED","RNO","ROAD NAME ORIGIN","145.0780533","-37.8078831","123058","","","","","Named for the Australian Imperial Forces, the main Australian Army force during World War I. The area north of Whitehorse Road was subdivided between 1919 and 1925, and settled by many World War I veterans. Many streets in the area have names relating to World War I, including Australian and British generals. ","","","Yes","","","","OGN","","","","","","","","","","","","","","","","","","","","","","","","","","","","","","Patricia O'Dwyer ","","1"
"VIC","STONNINGTON CITY","125086","AINTREE ROAD","REGISTERED","RNO","ROAD NAME ORIGIN","145.0433903","-37.8584286","124325","","","","","Previously known as Clarence Street. ","","","","","","","Council","","","","","","","","3","","","","","","","","","","","","","","","","","","","City of Stonnington","","","","","1"
"VIC","WANGARATTA RURAL CITY","125643","AIREY LANE","REGISTERED","RNO","ROAD NAME ORIGIN","146.5075434","-36.393909","124858","","","","","Named after the Airey family who lived at the location around 1920-1940.","","","","","","","Council","","","","","","","","","","","","","","","","","","","","","","","","","","","Wangaratta Rural City","","","","","1"
"VIC","STONNINGTON CITY","125226","AIRLIE AVENUE","REGISTERED","RNO","ROAD NAME ORIGIN","145.0080114","-37.8567814","124465","","","","","Previously known as Royston Avenue. ","","","","","","","Council","","","","","","","","10","","","","","","","","","","","","","","","","","","","City of Stonnington","","","","","1"
"VIC","STONNINGTON CITY","120354","AIRLIE STREET","REGISTERED","RNO","ROAD NAME ORIGIN","144.98794","-37.8313472","119916","","","","","","","","","","","","","","","","","","","","","","","","","","","","","","","","","","","","","","","","","","","",""
"VIC","BRIMBANK CITY","127978","AIRPORT DRIVE","REGISTERED","RNO","ROAD NAME ORIGIN","144.8749004","-37.7150596","127134","","","","","","","","","","","","","","","","","","","","","","","","","","","","","","","","","","","","","","","","","","","",""
"VIC","EAST GIPPSLAND SHIRE","126129","AIRPORT ROAD","REGISTERED","RNO","ROAD NAME ORIGIN","149.7233698","-37.5991058","125298","","","","","A logical unambiguous name, widely used.","","","","","","2012","Council","","","","","","","","","","","","","","","","","","","","","","","","","","","East Gippsland Shire","","","","","1"
"VIC","MONASH CITY","123300","AITCHISON COURT","REGISTERED","RNO","ROAD NAME ORIGIN","145.1548898","-37.8824543","122653","","","","","","","","","","","","","","","","","","","","","","","","","","","","","","","","","","","","","","","","","","","",""
"VIC","MURRINDINDI SHIRE","125761","AITKEN CRESCENT","REGISTERED","RNO","ROAD NAME ORIGIN","145.3435174","-37.5291687","124957","","","","","In honour of an original landowner in the area, &#39;W. Aitken&#39;.","","","","22","10","2020","OGN","","","","","","","","","","","","","","","","","","","","","","","","","","","","","","Geographic Names Victoria","","1"
"VIC","WARRNAMBOOL CITY","120284","AITKEN DRIVE","REGISTERED","RNO","ROAD NAME ORIGIN","142.5396131","-38.389868","119848","","","","","A private street located on the Deakin University campus. Named after Don Aitken who was a foundation Board Member of the Deakin University Governing Council.","","","","","","","Website","Deakin University","","","","1990","","","","","","","","","","","Deakin University","Warrnambool campus map","Deakin University","http://www.deakin.edu.au/life-at-deakin/our-locations/warrnambool-campus/map","","","","","","","","","","","","","1"
"VIC","WARRNAMBOOL CITY","120281","AITKINS ROAD","REGISTERED","RNO","ROAD NAME ORIGIN","142.4642285","-38.37272","119845","","","","","James William Manifold Aitkin (1835-1905) came to Warrnambool in 1847 with his parents James Aitkin and Mary Meacock Manifold. James was a businessman, Warrnambool Councillor 1861-1868 and Mayor 1863-1866. In 1871 he moved to ""Carracoorte"", Grasmere and was a Warrnambool Shire Councillor from 1886 to 1898.  

Aitkins Road was named by Council on 2nd Aug 1872. Note that Council minutes show it was named ""Aitkin Road"" and not ""Aitkins Road"".","","","","2","8","1872","Council","","","","","","","","","","","","","","","","","","","","","","","","","","","Warrnambool","Yes","","","","1"
"VIC","MILDURA RURAL CITY","125627","ALAN MATHEWS DRIVE","REGISTERED","RNO","ROAD NAME ORIGIN","142.0857436","-34.236076","124842","","","","","The airport roads are named after pilots stationed at Mildura and these were amongst the top &#39;aces&#39; of the RAAF.","","","","","","","Council","","","","","","","","","","","","","","","","","","","","","","","","","","","Mildura Rural City","","","","","1"
"VIC","WHITEHORSE CITY","128462","ALAN STREET","REGISTERED","RNO","ROAD NAME ORIGIN","145.1564286","-37.8345598","127611","","","","","Named after a member of the Wellman family, owners and subdividers.","","","","","","","Website","Whitehorse Historical Society Inc.","","9","1","2023","","","","","","","","","","","Whitehorse Historical Society Inc.","Street Names","Whitehorse Historical Society Inc.","https://whitehorsehistory.org.au/street-names/#:~:text=Street%20Names%20%20%20%20STREET%20%20,%20%20","","","","","","","","","","","","","1"
"VIC","WHITEHORSE CITY","128485","ALANDALE ROAD","REGISTERED","RNO","ROAD NAME ORIGIN","145.158658","-37.8256404","127633","","","","","After Steel family&#39;s property","","","","","","","Website","Whitehorse Historical Society Inc.","","12","1","2023","","","","","","","","","","","Whitehorse Historical Society Inc.","Street Name","Whitehorse Historical Society Inc.","https://whitehorsehistory.org.au/street-names/#:~:text=Street%20Names%20%20%20%20STREET%20%20,%20%20","","","","","","","","","","","","","1"
"VIC","WHITEHORSE CITY","128046","ALANDALE STREET","REGISTERED","RNO","ROAD NAME ORIGIN","145.1043552","-37.8368737","127199","","","","","Purportedly named after an English village, however there is no village in England by that name.","","","","13","6","1916","Book","Charles F. Williams","The Origins of Box HIll Street Names","","4","1985","Box Hill City Council","1022 Whitehorse Road, Box Hill 3128, Victoria","9","","","","","","","","","","","","","","","","","","","","","","","","1"
"VIC","WHITEHORSE CITY","128035","ALBANY CRESCENT","REGISTERED","RNO","ROAD NAME ORIGIN","145.1022745","-37.8244083","127188","","","","","Named after the Duke of Albany.","","","","","","","Book","Charles F. Williams","The Origins of Box Hill Street Names","","4","1985","Box Hill City Council","1022 Whitehorse Road, Box Hill 3128, Victoria","11","","","","","","","","","","","","","","","","","","","","","","","","1"
"VIC","STONNINGTON CITY","125212","ALBANY ROAD","REGISTERED","RNO","ROAD NAME ORIGIN","145.0248402","-37.8471466","124451","","","","","Previously known as The Quadrant. ","","","","","","","Council","","","","","","","","10","","","","","","","","","","","","","","","","","","","City of Stonnington","","","","","1"
"VIC","BASS COAST SHIRE","127325","ALBATROSS DRIVE","REGISTERED","RNO","ROAD NAME ORIGIN","145.7067641","-38.6300391","126486","","","","","Flora / Fauna.","","","","","","","Council","","","","","","","","","","","","","","","","","","","","","","","","","","","Bass Coast Shire","Yes","","","","1"
"VIC","WANGARATTA RURAL CITY","123280","ALBERT COURT","REGISTERED","RNO","ROAD NAME ORIGIN","146.3269112","-36.377849","122635","","","","","Named by Ray Stamp after his grandfather, Albert.","","","","","","","Council","","","","","","","","","","","","","","","","","","","","","","","","","","","Rural City of Wangaratta","","","","","1"
"VIC","WHITEHORSE CITY","128036","ALBERT CRESCENT","REGISTERED","RNO","ROAD NAME ORIGIN","145.1028664","-37.8236237","127189","","","","","Named after the Prince Consort of Queen Victoria.","","","","","","","Book","Charles F. Williams","The Origins of Box Hill Street Names","","4","1985","Box Hill City Council","1022 Whitehorse Road, Box Hill 3128, Victoria","11","","","","","","","","","","","","","","","","","","","","","","","","1"
"VIC","INDIGO SHIRE","126314","ALBERT LANE","REGISTERED","RNO","ROAD NAME ORIGIN","146.39155","-36.0088351","125483","","","","","In recognition of the efforts of Albert Mills, a long time resident of Wahgunyah, who was responsible for the building of the road to its present condition.","","","","","","2010","Council","","","","","","","","","","","","","","","","","","","","","","","","","","","Indigo Shire","","","","","1"
"VIC","BASS COAST SHIRE","127577","ALBERT RUTTLE DRIVE","REGISTERED","RNO","ROAD NAME ORIGIN","145.6891036","-38.6318407","126741","","","","","Named after Albert Ruttle who operated a bluestone quarry in the lane. The Ruttle&#39;s were early members of the local Methodist Church. ","","","","","","","Council","","","","","","","","","","","","","","","","","","","","","","","","","","","Bass Coast Shire","Yes","","","","1"
"VIC","WARRNAMBOOL CITY","120282","ALBERT STREET","REGISTERED","RNO","ROAD NAME ORIGIN","142.4592884","-38.370718","119846","","","","","Named after the Prince Consort, husband of Queen Victoria, Prince Albert (1819-1861).","","","","","8","1872","Council","","","","","","","","","","","","","","","","","","","","","","","","","","","Warrnambool","Yes","","","","1"
"VIC","WARRNAMBOOL CITY","120286","ALBERT STREET","REGISTERED","RNO","ROAD NAME ORIGIN","142.490735","-38.3214764","119850","","","","","Origin unknown but likely to have been named after the Prince Consort, husband of Queen Victoria, Prince Albert (1819-1861).","","","","","","1855","Council","","","","","","","","","","","","","","","","","","","","","","","","","","","Warrnambool","Yes","","","","1"
"VIC","WHITEHORSE CITY","128091","ALBERTA AVENUE","REGISTERED","RNO","ROAD NAME ORIGIN","145.1356062","-37.8094256","127242","","","","","Named after a variety of peach that was grown in a nearby orchard.","","","","","","","Book","Charles F. Williams","The Origins of Box Hill Street Names","","4","1985","Box Hill City Council","1022 Whitehorse Road, Box Hill 3128, Victoria","15","","","","","","","","","","","","","","","","","","","","","","","","1"
"VIC","WODONGA CITY","122928","ALBERTSON ROAD","REGISTERED","RNO","ROAD NAME ORIGIN","146.721957","-36.0733516","122295","","","","","Road located at the Logic Industrial Hub, Barnawartha North.

P. Albertson owned a large parcel of land where the Logic Service Centre and Fatigue Management Centre is now located (1730 Murray Valley Highway).  Land owners name appears on Barnawartha North County of Bogong Parish Plan - map reproduced 1968.
It has been recorded that P. Albertson owned this parcel as early as 1879.

Road name appeared on LOGIC Industrial Hub Estate Plan of Subdivision PS607549 dated 16th June 2008.","","","","","","","Council","","","","","","",""," ","","","","","","","","","","","","","","","","","","","City of Wodonga","","","","","1"
"VIC","MELBOURNE CITY","119554","ALBION ALLEY","REGISTERED","RNO","ROAD NAME ORIGIN","144.9644173","-37.8128206","119163","","","","","Albion Alley is named after the Albion Hotel in bourke Street which was the city terminus of Cobb & Co. Coaches.

See also: www.historyvictoria.org.au","","","","","","","Newspaper","Royal Historical Society Victoria","Melbourne's Streets & Lanes","","","2004","","","N/A","","","","RHSV Discovery Series Number 2","","Melbourne's Streets & Lanes","","","","","","","","","","","","","","","","","","1"
"VIC","WHITEHORSE CITY","128142","ALBION ROAD","REGISTERED","RNO","ROAD NAME ORIGIN","145.1284679","-37.8249031","127293","","","","","Named after &#39;Albion House&#39;, built by George Sim on this road.","","","","","","","Book","Charles F. Williams","The Origins of Box Hill Street Names","","4","1985","Box Hill City Council","1022 Whitehorse Road, Box Hill 3128, Victoria","22","","","","","","","","","","","","","","","","","","","","","","","","1"
"VIC","BASS COAST SHIRE","123351","ALBON STREET","REGISTERED","RNO","ROAD NAME ORIGIN","145.4246335","-38.4108532","122702","","","","","","","","","","","","","","","","","","","","","","","","","","","","","","","","","","","","","","","","","","","",""
"VIC","WYNDHAM CITY","126829","ALCOCK ROAD","REGISTERED","RNO","ROAD NAME ORIGIN","144.7292464","-37.8284263","125988","","","","","John Alcock was born in Wyndham Shire in 1871 and lived on his father&#39;s farm in Tarneit. Alcock enlisted on 19 June 1915 at age 43 and arrived at Marseilles, France on 26 March 1916 as a Private with the 3rd Reinforcements for the 21st Battalion. Alcock was wounded in the back on 29 July 1916 and evacuated to the 44th Casualty Clearing Station. He died as a result of his wounds on 9 August 1916 and was buried at Purchvillers British Military Cemetery on the same day. Among the medals Alcock received posthumously were the Star Medal, British War Medal and Victory Medal.","","","Yes","","","2017","Council","","","","","","","","","","","","","","","","","","","","","","","","","","","Wyndham City","","","","","1"
"VIC","BAW BAW SHIRE","125008","ALDER ROAD","REGISTERED","RNO","ROAD NAME ORIGIN","146.2359483","-38.1174761","124247","","","","","Named after an original land owner shown on the Tanjil Parish plan. ","","","","","","","Council","","","","","","","","","","","","","","","","","","","","","","","","","","","Baw Baw Shire Council","","","","","1"
"VIC","STRATHBOGIE SHIRE","119846","ALEX MCMASTER LANE","REGISTERED","RNO","ROAD NAME ORIGIN","145.5709157","-36.7488791","119443","","","","","Named after a local identity who had his home on land near the road.","","","","","","2006","Council","","","","","","","","1","","","","","","","","","","","","","","","","","","","Shire of Strathbogie","Yes","Contact Council for details.","","","1"
"VIC","WANGARATTA RURAL CITY","123833","ALEXANDER COURT","REGISTERED","RNO","ROAD NAME ORIGIN","146.3248551","-36.360909","123134","","","","","Named after Alexander Thomas Clements, Justice  of the Peace; Councillor; Mayor of Borough of Wangaratta - 1893-94, 1894-95,  1903-04, 1910-11.","","","","","","","Council","","","","","","","","","","","","","","","","","","","","","","","","","","","Rural City of Wangaratta","","","","","1"