"State","Municipality","Name Id","Place Name","Place Name Status","Feature Type Code","Feature Type","Longitude","Latitude","Place Id","Gender","Aboriginal Origins","Traditional Owner Group","Traditional Owner Description","Gazette Published date","Gazette Reference","Gazette URL","Historical Information","Origin Language","Australian Indigenous Language","Anzac Related Name","Date First Recorded Day","Date First Recorded Month","Date First Recorded Year","Source","Author","Title","Date Published Day","Date Published Month","Date Published Year","Publisher","Place of Publication","Pages(s)","Editor","Chapter Title","Journal Name","Issue","Year","Newspaper","File Number","Site Owner","Page Title","Site Title","Url","Location","Type of Artefact","Cartographer","Scale","Informant","Tape Title","Tape Number","Municipal Name","Endorsed by Council","Council Minutes","Organisation Name","Endorsed by GPNAP"
"VIC","YARRA RANGES SHIRE","129693"," Binak","TRADITIONAL","LOCB","LOCALITY","145.6376847","-37.9010544","100312","","Aboriginal Name","Wurundjeri Woi Wurrung Cultural Heritage Aboriginal Corporation","","1/01/2013","","","Traditional Name: Binak Explanation: basket Discussion on Current Name: rural locality NE of Gembrook on Falls Creek, also Mt Beenak,  Berwick-Pakenham HS 1982: 50,  Blake 1991.","Woiwurrung","Yes","","","","","Website","Clark, Ian and Heydon, Toby","","","","2011","","","","","","","","","","","Victorian Aboriginal Corporation for Languages","","Victorian Aboriginal Corporation for Languages","http://www.vaclang.org.au","","","","","","","","","","","","","1"
"VIC","YARRA RANGES SHIRE","129693"," Binak","TRADITIONAL","LOCB","LOCALITY","145.6376847","-37.9010544","100312","","Aboriginal Name","Wurundjeri Woi Wurrung Cultural Heritage Aboriginal Corporation","","1/01/2013","","","From the Aboriginal word for &#34;hand basket&#34;. Mount Beenak School, No.3764, operated intermittently between 1912 and 1928. 
","","Yes","","","","","Website","Casey Cardinia Libraries","","12","5","2021","","","","","","","","","","","Casey Cardinia Libraries","Place Names of Casey and Cardinia","www.cclc.vic.gov.au","https://www.cclc.vic.gov.au/cms/content/uploads/2017/11/Casey-Cardinia-Place-Names-a-history.pdf ","","","","","","","","","","","","","1"
"VIC","WYNDHAM CITY","126393"," Dianella Community Centre","REGISTERED","COCE","COMMUNITY CENTRE","144.6468532","-37.8529757","125555","","","","","5/08/2021","http://www.gazette.vic.gov.au/gazette/Gazettes2021/GG2021G031.pdf#page=13","http://www.gazette.vic.gov.au/gazette/Gazettes2021/GG2021G031.pdf ","","","","","","","","","","","","","","","","","","","","","","","","","","","","","","","","","","","","","","","",""
"VIC","WELLINGTON SHIRE","127020"," Kate Kearney Channel","REGISTERED","SCMA","SEA CHANNEL (MARINE)","146.7010777","-38.6985453","126176","Woman","","","","11/11/2021","http://www.gazette.vic.gov.au/gazette/Gazettes2021/GG2021G045.pdf#page=27","http://www.gazette.vic.gov.au/gazette/Gazettes2021/GG2021G045.pdf ","","","","","","","","","","","","","","","","","","","","","","","","","","","","","","","","","","","","","","","",""
"VIC","MORNINGTON PENINSULA SHIRE","123623"," Littlejohn Bridge","REGISTERED","ROBR","ROAD BRIDGE","145.0108642","-38.3292785","122954","","","","","12/04/2018","G15, PAGE 678","","Commemorates William Alfred Littlejohn of a  pioneering family in the Dromana region.","","","","","","","Council","","","","","","","","","","","","","","","","","","","","","","","","","","","Mornington Peninsula Shire","","","","","1"
"VIC","MELBOURNE CITY","127097"," West Swanson Dock Container Terminal","REGISTERED","DOCK","DOCK","144.91235","-37.8131528","26853","No Gender","","","","9/12/2021","http://www.gazette.vic.gov.au/gazette/Gazettes2021/GG2021G049.pdf#page=34","http://www.gazette.vic.gov.au/gazette/Gazettes2021/GG2021G049.pdf","","","","","","","","","","","","","","","","","","","","","","","","","","","","","","","","","","","","","","","",""
"VIC","CASEY CITY","130189","1001 Steps","RECORDED","WLTR","WALKING TRACK","145.3267333","-38.003925","129140","No Gender","","","","","","","","","","","","","","","","","","","","","","","","","","","","","","","","","","","","","","","","","","","","","",""
"VIC","CASEY CITY","115678","123KIDS","RECORDED","EAED","EARLY EDUCATION","145.2665399","-38.0377829","115433","","","","","","Sourced from Vicmap Oct 2012","","","","","","","","","","","","","","","","","","","","","","","","","","","","","","","","","","","","","","","","",""
"VIC","GREATER GEELONG CITY","121075","13TH BEACH SURF LIFE SAVING CLUB","REGISTERED","PARK","PARK","144.4525625","-38.2827167","120552","","","","","","Sourced from Vicmap Oct 2014","","","","","","","","","","","","","","","","","","","","","","","","","","","","","","","","","","","","","","","","",""
"VIC","NORTHERN GRAMPIANS SHIRE","2","1ST DIAL","REGISTERED","PEAK","PEAK","142.581812","-37.22874","2","No Gender","","","","","","","","","","","","","","","","","","","","","","","","","","","","","","","","","","","","","","","","","","","","","",""
"VIC","NORTHERN GRAMPIANS SHIRE","30912","2nd DIAL","HISTORICAL","PEAK","PEAK","142.581812","-37.2331811","14","","","","","","","","","","","","","","","","","","","","","","","","","","","","","","","","","","","","","","","","","","","","","","",""
"VIC","BOROONDARA CITY","115679","3 APPLES CHILDCARE CENTRE & KINDERGARTEN","RECORDED","EAED","EARLY EDUCATION","145.081842","-37.811341","115434","","","","","","Sourced from Vicmap Oct 2012","","","","","","","","","","","","","","","","","","","","","","","","","","","","","","","","","","","","","","","","",""
"VIC","WEST WIMMERA SHIRE","125335","36th Parallel Mark","REGISTERED","SUMA","SURVEY MARKER","140.997","-35.9979338","124571","","","","","2/07/2020","G26 2020 1259","www.gazette.vic.gov.au/gazette/Gazettes2020/GG2020G026.pdf#page=25","","","","","","","","","","","","","","","","","","","","","","","","","","","","","","","","","","","","","","","",""
"VIC","GREATER BENDIGO CITY","3","3BO RADIO MAST","REGISTERED","RACF","RADIO COMMUNICATION FACILITY","144.221534","-36.7056812","9122","No Gender","","","","","","","","","","","","","","","","","","","","","","","","","","","","","","","","","","","","","","","","","","","","","",""
"VIC","EAST GIPPSLAND SHIRE","4","3MT RADIO TRANSMITTER","REGISTERED","RACF","RADIO COMMUNICATION FACILITY","147.6476445","-37.15624","9123","No Gender","","","","","","","","","","","","","","","","","","","","","","","","","","","","","","","","","","","","","","","","","","","","","",""
"VIC","NORTHERN GRAMPIANS SHIRE","5","3RD DIAL","REGISTERED","PEAK","PEAK","142.5829231","-37.23874","3","No Gender","","","","","","","","","","","","","","","","","","","","","","","","","","","","","","","","","","","","","","","","","","","","","",""
"VIC","WARRNAMBOOL CITY","6","3YB RADIO STATION","REGISTERED","RDST","RADIO STATION","142.5090341","-38.3376256","4","No Gender","","","","","","","","","","","","","","","","","","","","","","","","","","","","","","","","","","","","","","","","","","","","","",""
"VIC","NORTHERN GRAMPIANS SHIRE","7","4TH DIAL","REGISTERED","PEAK","PEAK","142.5854231","-37.2431811","5","No Gender","","","","","","","","","","","","","","","","","","","","","","","","","","","","","","","","","","","","","","","","","","","","","",""
"VIC","HOBSONS BAY CITY","115680","5 STAR CHILDCARE & EARLY LEARNING CENTRE","RECORDED","EAED","EARLY EDUCATION","144.825375","-37.831764","115435","","","","","","Sourced from Vicmap Oct 2012","","","","","","","","","","","","","","","","","","","","","","","","","","","","","","","","","","","","","","","","",""
"VIC","NORTHERN GRAMPIANS SHIRE","8","5TH DIAL","REGISTERED","PEAK","PEAK","142.584312","-37.2476256","6","No Gender","","","","","","","","","","","","","","","","","","","","","","","","","","","","","","","","","","","","","","","","","","","","","",""
"VIC","NORTHERN GRAMPIANS SHIRE","9","6TH DIAL","REGISTERED","PEAK","PEAK","142.584312","-37.2492923","7","No Gender","","","","","","","","","","","","","","","","","","","","","","","","","","","","","","","","","","","","","","","","","","","","","",""
"VIC","NORTHERN GRAMPIANS SHIRE","10","7TH DIAL","REGISTERED","PEAK","PEAK","142.5798675","-37.25124","8","No Gender","","","","","","","","","","","","","","","","","","","","","","","","","","","","","","","","","","","","","","","","","","","","","",""
"VIC","GANNAWARRA SHIRE","11","82 BEND","REGISTERED","BEND","BEND","144.3782006","-35.8123479","9124","No Gender","","","","","","","","","","","","","","","","","","","","","","","","","","","","","","","","","","","","","","","","","","","","","",""
"VIC","SWAN HILL RURAL CITY","12","90 ACRE SAND BAR","REGISTERED","BAR","BAR","143.3870898","-35.1592923","9","No Gender","","","","","","","","","","","","","","","","","","","","","","","","","","","","","","","","","","","","","","","","","","","","","",""
"VIC","HOBSONS BAY CITY","13","A B SHAW RESERVE","REGISTERED","PARK","PARK","144.7834185","-37.8638022","25544","Man","","","","","","","'Elected to Council 1973.  Mayor - City of Altona 1978 - 79 and 1986 - 87.'","","","","","","","Manuscript","Place Names Committee Files","Submission","26","5","1988","","","1","","","","","","","PNC file number 1098","","","","","","","","","","","","","","","","","1"
"VIC","MORNINGTON PENINSULA SHIRE","121713","A C CAMPBELL RESERVE","REGISTERED","PARK","PARK","145.0310965","-38.239845","121108","","","","","","Sourced from Vicmap Oct 2014","","Archibald Colin Campbell was a Mornington Shire Councillor in the South Riding from 1948-51, and again from 1966-71. He represented Mt Martha Riding from 1955-1966.  He was Mornington Shire President in 1957, and again in 1965.  He opened the Beleura Hill Pre-school Centre, Mornington as Shire President in 1966.","","","","","","","Council","","","","","","","","","","","","","","","","","","","","","","","","","","","Mornington Peninsular Shire Council","","","","","1"
"VIC","CASEY CITY","14","A E BROWN RESERVE","REGISTERED","PARK","PARK","145.3550971","-38.027319","11650","Man","","","","","","","Place names Submission from 1977 reads: 'Mr. Brown has had 54 years association with the Berwick Football Club, of which he is a life member; he also has a Life Membership with the Victorian Country Football League, the Berwick Cricket Club and the Agricultural Society.  He has served as a delegate, committee man and Vice President of the Dandenong & District Football League and in similar capacities with the South-West Gippsland Football League.  He has been gatekeeper with the league for the past 23 years.'","","","","","","","Manuscript","Place Names Committee Files","Submission","28","11","1977","","","1","","","","","","","PNC file number 739","","","","","","","","","","","","","","","","","1"
"VIC","MARIBYRNONG CITY","15","A E SHEPHERD GARDENS","REGISTERED","PARK","PARK","144.8684782","-37.7895701","25626","Man","","","","","","","'Mr. E. Shepard was a State Member for Sunshine when the Sunshine Seat was first named.  He was a member for Footscray which included Sunshine at that time, when then he was the Minister fro Education, Deputy Leader of the Opposition.  Most diligent worker for his electorate.  Lived on the border of Sunshine and West Footscray where these gardens are situated.'","","","","","","","Manuscript","Place Names Committee Files","Submission","11","8","1981","","","1","","","","","","","PNC file number 837","","","","","","","","","","","","","","","","","1"
"VIC","MAROONDAH CITY","124514","A F B Long Reserve","REGISTERED","PARK","PARK","145.2464892","-37.8165091","123803","","","","","","Sourced from Vicmap Oct 2014","","","","","","","","","","","","","","","","","","","","","","","","","","","","","","","","","","","","","","","","",""
"VIC","CENTRAL GOLDFIELDS SHIRE","118295","A G LEECH KINDERGARTEN","RECORDED","EAED","EARLY EDUCATION","143.7318842","-37.0517787","118050","","","","","","Sourced from Vicmap Oct 2012","","","","","","","","","","","","","","","","","","","","","","","","","","","","","","","","","","","","","","","","",""
"VIC","BAW BAW SHIRE","16","A G ROBERTSON PRIMARY SCHOOL","HISTORICAL","PRSC","PRIMARY SCHOOL","146.3989758","-37.9591037","9125","Man","","","","","","","The historical name was given in honour of Mr A. G. Robertson, former chief engineer at the Melbourne and Metropolitan Board of Works.  He was largely responsible for the planning, development and management of the sites of the local township and the Thomson Dam construction.","","","","","","","Manuscript","Place Names Committee","Correspondence Files","","","1979","","","1-3","","","","","","","PNC File 742 microfiche","","","","","","","","","","","","","","","","","1"
"VIC","BAW BAW SHIRE","16","A G ROBERTSON PRIMARY SCHOOL","HISTORICAL","PRSC","PRIMARY SCHOOL","146.3989758","-37.9591037","9125","Man","","","","","","","'Rawson Primary School' was adopted following the merger of Erica and A G Roberston Primary Schools.","","","","","","","Manuscript","Ministry of Education","Place Names Committee File","","6","1994","","","1-9","","","","","","","File 1460 Microfiche","","","","","","","","","","","","","","","","","1"
"VIC","CORANGAMITE SHIRE","51252","A H BARRETT RESERVE","REGISTERED","PARK","PARK","143.0789118","-38.326012","51252","Man","","","","","","","'The late Doctor Barrett who conducted a practise in this municipality for over forty (40) years, was known and loved by the residents of our district as a man of kindness and one who carried out his professional duties in a manner far beyond those normally expected.  During his lifetime, he received the O.B.E. and was granted the Shires first and only citizenship award.'","","","","","","","Manuscript","Place Names Committee Files","Submission","18","6","1968","","","1","","","","","","","PNC file number 72","","","","","","","","","","","","","","","","","1"
"VIC","HOBSONS BAY CITY","121091","A H FORD RESERVE","REGISTERED","PARK","PARK","144.8134942","-37.8608603","120568","","","","","","Sourced from Vicmap Oct 2014","","","","","","","","","","","","","","","","","","","","","","","","","","","","","","","","","","","","","","","","",""
"VIC","MOONEE VALLEY CITY","17","A J DAVIS RESERVE","REGISTERED","PARK","PARK","144.8734782","-37.728459","14009","","","","","","","","","","","","","","","","","","","","","","","","","","","","","","","","","","","","","","","","","","","","","","",""
"VIC","EAST GIPPSLAND SHIRE","120765","A J FREEMAN RESERVE","REGISTERED","PARK","PARK","147.7162906","-37.9134244","120242","","","","","","Sourced from Vicmap Oct 2014","","","","","","","","","","","","","","","","","","","","","","","","","","","","","","","","","","","","","","","","",""
"VIC","EAST GIPPSLAND SHIRE","130197","A J Gilsenan Reserve","REGISTERED","PARK","PARK","147.7233626","-37.9179788","120263","Man","","","","15/08/2024","G33, P1606","https://www.gazette.vic.gov.au/gazette/Gazettes2024/GG2024G033.pdf#page=20","","","","","","","","","","","","","","","","","","","","","","","","","","","","","","","","","","","","","","","",""
"VIC","LODDON SHIRE","18","A J MITCHELL PARK","REGISTERED","PARK","PARK","143.8734785","-36.5729035","5248","Man","","","","","","","Named after Mr Alf Mitchell, a well respected gentleman of the township of Inglewood, who beautified the area at his own cost.  The name was proposed by the Council of the Shire of Korong in November 1991.","","","","","","","Manuscript","Shire of Korong","Place Names Committee File","","11","1991","","","1-99","","","","","","","File 1337 Microfiche","","","","","","","","","","","","","","","","","1"
"VIC","BANYULE CITY","19","A K LINES RESERVE","REGISTERED","PARK","PARK","145.0876108","-37.7043009","19561","","","","","","","","","","","","","","","","","","","","","","","","","","","","","","","","","","","","","","","","","","","","","","",""
"VIC","EAST GIPPSLAND SHIRE","120776","A M PEARSON HISTORICAL PARK","REGISTERED","PARK","PARK","147.5924101","-37.1011296","120253","Man","","","","","Sourced from Vicmap Oct 2014","","'This name has been chosen to commemorate the memory of an old local identity, who not only served the Omeo Shire Council for a record term in office from 1929 to 1960, but also the local community throughout much of his life.  The late Mr. A. M. (Mervyn) Pearson was seventy years of age when commissioned by the Shire of Omeo to write a history of the Shire, which he did with great distinction and which is entitled 'Echoes from the Mountains'.  He spent one third of his life as an Omeo Shire Councillor and on six occasions was Shire President.'","","","","","","","Manuscript","Place Names Committee Files","Submission","6","12","1979","","","1","","","","","","","PNC file number 788","","","","","","","","","","","","","","","","","1"
"VIC","EAST GIPPSLAND SHIRE","20","A M PEARSON PARK","REGISTERED","PARK","PARK","147.5932","-37.1006814","23318","Man","","","","","","","'This name has been chosen to commemorate the memory of an old local identity, who not only served the Omeo Shire Council for a record term in office from 1929 to 1960, but also the local community throughout much of his life.  The late Mr. A. M. (Mervyn) Pearson was seventy years of age when commissioned by the Shire of Omeo to write a history of the Shire, which he did with great distinction and which is entitled 'Echoes from the Mountains'.  He spent one third of his life as an Omeo Shire Councillor and on six occasions was Shire President.'","","","","","","","Manuscript","Place Names Committee Files","Submission","6","12","1979","","","1","","","","","","","PNC file number 788","","","","","","","","","","","","","","","","","1"
"VIC","LATROBE CITY","21","A P M AERATION POND","REGISTERED","SETP","SEWAGE TREATMENT PLANT","146.4807","-38.1765147","9126","","","","","","","","","","","","","","","","","","","","","","","","","","","","","","","","","","","","","","","","","","","","","","",""
"VIC","MORNINGTON PENINSULA SHIRE","121501","A R AND F DITTERICH RESERVE","REGISTERED","PARK","PARK","144.9694038","-38.400102","120897","","","","","","Sourced from Vicmap Oct 2014","","Arthur Ralph Ditterich was a Shire of Flinders Councillor from 1961-1964.
A.R. & F. Ditterich are Life Members of the Main Ridge Cricket Club - Ralph and Frank Ditterich were keen cricketers and involved in community affairs. They were involved in the planning and building of the bowls club and other works associated with the grounds. Both had orchards and lived in Valley View Lane, Main Ridge.  Prior to 1926 Main Ridge was known as Main Creek and the name change was brought about by Frank Ditterich.  Seven acres (2.8 hectares) was bought from C. Rigby in 1932 for a recreation ground at Main Ridge for the sum of 50 pounds ($100). A 10 pound ($20) deposit was raised by the community funded in part by a 'sheep guessing competition'. The balance payable over 5 years was raised by community fundraising efforts.
In 1957 the gates were given as a gift by Mrs Lillian Adams of Main Ridge.
On 28th April 1959 the Shire President was invited to unveil a plaque in memory of Frank Ditterich.  Frank was born in Long Gully, Bendigo on 17th September 1895 and died on 28th December 1956 at Mentone. He married his wife Jessie in 1930. They had two sons Richard and David.
Ralph was born in St Arnaud on 4th July, 1893 and married his wife Margaret in Palmerston, New Zealand in 1926. Their son Allan was born in 1929 and died in 1947. Ralph died in Redcliffe, Queensland in 1974.","","","","","","","Council","","","","","","","","","","","","","","","","","","","","","","","","","","","Mornington Peninsular Shire Council","","","","","1"
"VIC","MARIBYRNONG CITY","51347","A R MCNABB RESERVE","REGISTERED","PARK","PARK","144.8867939","-37.7975186","51347","","","","","","","","Councillor A. R. McNabb, Mayor of the City 1947-48.","","","","","","","Council","","","","","","","","","","","","","","","","","","","","","","","","","","","City of Footscray","Yes","PNC 1331","","","1"
"VIC","MILDURA RURAL CITY","121303","A S KENYON LIBRARY","REGISTERED","LIBR","LIBRARY","142.1866734","-34.3085977","120777","","","","","2/04/2015","G13, Page 723","","Alfred Stephen Kenyon (1867-1943) was born at Homebush, near Avoca on 7 December 1867. He was an engineer, ethnologist, numismatist, historian and a writer. He was educated at St Stephen's Grammar School in Richmond and later at Ormond College and the University of Melbourne. in 1887 he entered the Public Works Department and joined the Victorian Water Supply Department the following year. Kenyon was appointed Engineer in Charge of Town Water Supplies in 1901 before becoming Engineer for Agriculture with the Department of Agriculture in 1906. 1911 saw him transfer to the State Rivers and Water Supply Commission where he was Engineer in Charge of Water Supply to the North West Mallee. His first major literary work, The Story of the Mallee, was published in 1915 and in 1918 he was asked to report on land settlement for the placement of returned soldiers. Part of the report recommended the development of Red Cliffs and he was placed in charge of developing the district. Circa 1928 he evolved what he termed the 'Ironclad' Catchment to be made of flat galvanized iron sheets laid on sloping grounds to discharge water from rainfall into watertight covered storages. Following a stint as Acting Commissioner, in 1932 he was appointed Commissioner of the State Rivers and Water Supply Commission. He was a member of many scientific and professional societies including The Institution of Engineers, Australia, the Australasian Institute of Mining and Metallurgy, the Historical Society of Victoria, the Field Naturalists' Club, the Royal Society of Victoria, the Anthropological Society of Victoria, the Australian and New Zealand Association for the Advancement of Science, and the Society of Genealogists, Australia. He was also a member of a number of scientific societies overseas.","","","","","","","Council","","","","","","","","43","","","","","","","","","","","","","","","","","","","Mildura Rural City","Yes","Ordinary Council Meeting","","","1"
"VIC","HUME CITY","115681","A STEP AHEAD EARLY LEARNING CENTRE","RECORDED","EAED","EARLY EDUCATION","144.715661","-37.561984","115436","","","","","","Sourced from Vicmap Oct 2012","","","","","","","","","","","","","","","","","","","","","","","","","","","","","","","","","","","","","","","","",""
"VIC","HOBSONS BAY CITY","121092","A W BOND RESERVE","REGISTERED","PARK","PARK","144.8451876","-37.8276035","120569","","","","","","Sourced from Vicmap Oct 2014","","","","","","","","","","","","","","","","","","","","","","","","","","","","","","","","","","","","","","","","",""
"VIC","QUEENSCLIFFE BOROUGH","22","A W HODGETTS RESERVE","REGISTERED","PARK","PARK","144.66376","-38.2651257","17543","Man","","","","","","","'It is proposed to honour Albert William Hodgetts (born 1911) who was involved in the public life of the Borough for many years.  The proposal has received support from a number of people, including Members of Parliament.'","","","","","","","Manuscript","Place Names Committee Files","Submission","8","8","1980","","","1","","","","","","","PNC file number 785","","","","","","","","","","","","","","","","","1"
"VIC","HOBSONS BAY CITY","23","A W KNIGHT RESERVE","REGISTERED","PARK","PARK","144.7861188","-37.8801604","18895","","","","","","","","","","","","","","","","","","","","","","","","","","","","","","","","","","","","","","","","","","","","","","",""
"VIC","HOBSONS BAY CITY","121093","A W LANGSHAW RESERVE","REGISTERED","PARK","PARK","144.8515364","-37.8361248","120570","","","","","","Sourced from Vicmap Oct 2014","","","","","","","","","","","","","","","","","","","","","","","","","","","","","","","","","","","","","","","","",""
"VIC","MORELAND CITY","24","A W SANGER RESERVE","REGISTERED","PARK","PARK","144.9554226","-37.723459","25202","Man","","","","","","","'It is named after Arthur William Sanger, J.P., who was a Councillor from 1961 until his death on 18/7/69.  He was Mayor in 1964/65.  He was an active Councillor and supported every worth-while project.'","","","","","","","Manuscript","Place Names Committee Files","Submission","21","12","1976","","","1","","","","","","","PNC file number 505","","","","","","","","","","","","","","","","","1"
"VIC","MANSFIELD SHIRE","25","A1 MINE SETTLEMENT","REGISTERED","NBHD","NEIGHBOURHOOD","146.20126","-37.499848","9127","No Gender","","","","","","","Mansfield Woods Point Road. A1 refers to the high quality of gold produced or expected from the mine (1881 - 1992). A nearby loop in Raspberry Creek (1), known as Castle Point, was proposed as a name for the settlement, but was apparently not adopted. The settlement dates from a gold strike, the Castle Reef, in 1862.","","","","","","","Book","Sinnott, Nigel","Place-Names of the Alexandra, Lake Eildon and Big River Area of Victoria","","","","Friends of the Alexandra Library","Alexandra","","","","","","","","","","","","","","","","","","","","","","","","","1"
"VIC","MELBOURNE CITY","129710","AAMI Park","RECORDED","SPCO","SPORTS COMPLEX","144.9836528","-37.8249778","128703","No Gender","","","","","","","","","","","","","","","","","","","","","","","","","","","","","","","","","","","","","","","","","","","","","",""
"VIC","BANYULE CITY","115682","ABACUS CHILD CARE CENTRE","RECORDED","CHCA","CHILD CARE","145.09441","-37.70325","115437","","","","","","Sourced from Vicmap Oct 2012","","","","","","","","","","","","","","","","","","","","","","","","","","","","","","","","","","","","","","","","",""
"VIC","MOYNE SHIRE","26","ABBEY HILLS FIRE STATION","REGISTERED","FIST","FIRE STATION","142.3036173","-38.0296799","10","","","","","","","","","","","","","","","","","","","","","","","","","","","","","","","","","","","","","","","","","","","","","","",""
"VIC","YARRA RANGES SHIRE","27","ABBEY SPUR","REGISTERED","RIDG","RIDGE","145.709429","-37.7975765","9128","","","","","","","","","","","","","","","","","","","","","","","","","","","","","","","","","","","","","","","","","","","","","","",""
"VIC","ALPINE SHIRE","100117","ABBEYARD","REGISTERED","LOCB","LOCALITY","146.7524078","-37.025339","100103","","","","","21/01/1999","G3, p.91","","","","","","","","","","","","","","","","","","","","","","","","","","","","","","","","","","","","","","","","",""
"VIC","STRATHBOGIE SHIRE","29","ABBINGA RESERVOIR","REGISTERED","RESE","RESERVOIR","145.6170854","-36.7997155","10614","","","","","","","","","","","","","","","","","","","","","","","","","","","","","","","","","","","","","","","","","","","","","","",""
"VIC","TOWONG SHIRE","30","ABBOTS CREEK","REGISTERED","WACO","WATERCOURSE","147.1623416","-36.4438398","9130","","","","","","","","","","","","","","","","","","","","","","","","","","","","","","","","","","","","","","","","","","","","","","",""
"VIC","YARRA CITY","31","ABBOTSFORD","REGISTERED","POST","POST OFFICE","144.9929226","-37.803459","9131","No Gender","","","","","","","Abbotsford (Scottish Borders - the residence of Sir Walter Scott). While there is also an Abbotsford in West Sussex, England, the name of this suburb seems to have a definite link with Scotland. According to one source (Barnes, 1964), an American admirer of Sir Walter Scott by the name of Moss settled here in 1859 and named his home after Sir Walter's residence. A second source (Kennedy & Kennedy, 1989) attributes the name to an estate owned by John Orr in the neighbouring suburb of Kew.","","","","","","","Website","Ian Kendall","","","1","2011","","","","","","","","","","","Ian Kendall ","Scottish Place Names - Melbourne, Australia ","Rampant Scotland","http://www.rampantscotland.com/placenames/placename_melbourne.htm","","","","","","","","","","","","","1"
"VIC","YARRA CITY","31","ABBOTSFORD","REGISTERED","POST","POST OFFICE","144.9929226","-37.803459","9131","No Gender","","","","","","","Original estate named by John Orr after the Tweed River ford used by the Abbot of Melrose Abbey, Scotland.  [An alternative story is that Abbotsford was named after George Abbot who owned a ford over the Yarra River.]","","","","","","","Book","Blake, Les","Place Names of Victoria","","","1977","Rigby Ltd","Melbourne","22","","","","","","","","","","","","","","","","","","","","","","","","1"
"VIC","YARRA CITY","100118","ABBOTSFORD","REGISTERED","LOCB","LOCALITY","144.9987114","-37.802505","100104","No Gender","","","","21/05/1998","G20, p.1139","","From an estate of that name.","","","","","","","Book","John George Saxton","Victoria Place-Names And Their Origin","","","1907","Saxton and Buckie","Clifton Hill","-","","","","","","","","","","","","","","","","","","","","","","","","1"
"VIC","YARRA CITY","31","ABBOTSFORD","REGISTERED","POST","POST OFFICE","144.9929226","-37.803459","9131","No Gender","","","","","","","From an estate of that name.","","","","","","","Book","John George Saxton","Victoria Place-Names And Their Origin","","","1907","Saxton and Buckie","Clifton Hill","-","","","","","","","","","","","","","","","","","","","","","","","","1"
"VIC","YARRA CITY","100118","ABBOTSFORD","REGISTERED","LOCB","LOCALITY","144.9987114","-37.802505","100104","No Gender","","","","21/05/1998","G20, p.1139","","Abbotsford (Scottish Borders - the residence of Sir Walter Scott). While there is also an Abbotsford in West Sussex, England, the name of this suburb seems to have a definite link with Scotland. According to one source (Barnes, 1964), an American admirer of Sir Walter Scott by the name of Moss settled here in 1859 and named his home after Sir Walter's residence. A second source (Kennedy & Kennedy, 1989) attributes the name to an estate owned by John Orr in the neighbouring suburb of Kew.","","","","","","","Website","Ian Kendall","","","1","2011","","","","","","","","","","","Ian Kendall ","Scottish Place Names - Melbourne, Australia ","Rampant Scotland","http://www.rampantscotland.com/placenames/placename_melbourne.htm","","","","","","","","","","","","","1"
"VIC","YARRA CITY","31","ABBOTSFORD","REGISTERED","POST","POST OFFICE","144.9929226","-37.803459","9131","No Gender","","","","","","","Traditional Name: Carran-carramulk Explanation: carran = prickly myrtle Discussion on Current Name: suburb by Yarra Ri,  McCrae 1934: 30, 50.","Woiwurrung","Yes","","","","","Website","Clark, Ian and Heydon, Toby","","","","2011","","","","","","","","","","","Victorian Aboriginal Corporation for Languages","","Victorian Aboriginal Corporation for Languages","http://www.vaclang.org.au","","","","","","","","","","","","","1"
"VIC","YARRA CITY","100118","ABBOTSFORD","REGISTERED","LOCB","LOCALITY","144.9987114","-37.802505","100104","No Gender","","","","21/05/1998","G20, p.1139","","Traditional Name: Carran-carramulk Explanation: carran = prickly myrtle Discussion on Current Name: suburb by Yarra Ri,  McCrae 1934: 30, 50.","Woiwurrung","Yes","","","","","Website","Clark, Ian and Heydon, Toby","","","","2011","","","","","","","","","","","Victorian Aboriginal Corporation for Languages","","Victorian Aboriginal Corporation for Languages","http://www.vaclang.org.au","","","","","","","","","","","","","1"
"VIC","YARRA CITY","100118","ABBOTSFORD","REGISTERED","LOCB","LOCALITY","144.9987114","-37.802505","100104","No Gender","","","","21/05/1998","G20, p.1139","","Original estate named by John Orr after the Tweed River ford used by the Abbot of Melrose Abbey, Scotland.  [An alternative story is that Abbotsford was named after George Abbot who owned a ford over the Yarra River.]","","","","","","","Book","Blake, Les","Place Names of Victoria","","","1977","Rigby Ltd","Melbourne","22","","","","","","","","","","","","","","","","","","","","","","","","1"
"VIC","MILDURA RURAL CITY","33","ABBOTSFORD BRIDGE","REGISTERED","ROBR","ROAD BRIDGE","141.9868806","-34.1145306","11","","","","","","","","","","","","","","","","","","","","","","","","","","","","","","","","","","","","","","","","","","","","","","",""
"VIC","YARRA CITY","34","ABBOTSFORD PRIMARY SCHOOL","REGISTERED","PRSC","PRIMARY SCHOOL","144.9988192","-37.8089652","9133","No Gender","","","","","","","Original estate named by John Orr after the Tweed River ford used by the Abbot of Melrose Abbey, Scotland.  [An alternative story is that Abbotsford was named after George Abbot who owned a ford over the Yarra River.]","","","","","","","Book","Blake, Les","Place Names of Victoria","","","1977","Rigby Ltd","Melbourne","22","","","","","","","","","","","","","","","","","","","","","","","","1"
"VIC","YARRA CITY","34","ABBOTSFORD PRIMARY SCHOOL","REGISTERED","PRSC","PRIMARY SCHOOL","144.9988192","-37.8089652","9133","No Gender","","","","","","","Abbotsford (Scottish Borders - the residence of Sir Walter Scott). While there is also an Abbotsford in West Sussex, England, the name of this suburb seems to have a definite link with Scotland. According to one source (Barnes, 1964), an American admirer of Sir Walter Scott by the name of Moss settled here in 1859 and named his home after Sir Walter's residence. A second source (Kennedy & Kennedy, 1989) attributes the name to an estate owned by John Orr in the neighbouring suburb of Kew.","","","","","","","Website","Ian Kendall","","","1","2011","","","","","","","","","","","Ian Kendall ","Scottish Place Names - Melbourne, Australia ","Rampant Scotland","http://www.rampantscotland.com/placenames/placename_melbourne.htm","","","","","","","","","","","","","1"
"VIC","YARRA CITY","34","ABBOTSFORD PRIMARY SCHOOL","REGISTERED","PRSC","PRIMARY SCHOOL","144.9988192","-37.8089652","9133","No Gender","","","","","","","From an estate of that name.","","","","","","","Book","John George Saxton","Victoria Place-Names And Their Origin","","","1907","Saxton and Buckie","Clifton Hill","-","","","","","","","","","","","","","","","","","","","","","","","","1"
"VIC","YARRA CITY","34","ABBOTSFORD PRIMARY SCHOOL","REGISTERED","PRSC","PRIMARY SCHOOL","144.9988192","-37.8089652","9133","No Gender","","","","","","","Traditional Name: Carran-carramulk Explanation: carran = prickly myrtle Discussion on Current Name: suburb by Yarra Ri,  McCrae 1934: 30, 50.","Woiwurrung","Yes","","","","","Website","Clark, Ian and Heydon, Toby","","","","2011","","","","","","","","","","","Victorian Aboriginal Corporation for Languages","","Victorian Aboriginal Corporation for Languages","http://www.vaclang.org.au","","","","","","","","","","","","","1"
"VIC","MANSFIELD SHIRE","35","ABBOTT CREEK","REGISTERED","WACO","WATERCOURSE","146.3175699","-37.562565","9134","","","","","","","","","","","","","","","","","","","","","","","","","","","","","","","","","","","","","","","","","","","","","","",""
"VIC","GREATER GEELONG CITY","121000","ABE WOOD RESERVE","REGISTERED","PARK","PARK","144.3131783","-38.0562348","120477","","","","","","Sourced from Vicmap Oct 2014","","","","","","","","","","","","","","","","","","","","","","","","","","","","","","","","","","","","","","","","",""
"VIC","CORANGAMITE SHIRE","36","ABECKETTS CREEK","REGISTERED","WACO","WATERCOURSE","142.8646749","-38.4749048","12","","","","","","","","","","","","","","","","","","","","","","","","","","","","","","","","","","","","","","","","","","","","","","",""
"VIC","GLEN EIRA CITY","115821","ABELES LIBERMAN PRESCHOOL","RECORDED","EAED","EARLY EDUCATION","145.0116059","-37.8711868","115576","","","","","","Sourced from Vicmap Oct 2012","","","","","","","","","","","","","","","","","","","","","","","","","","","","","","","","","","","","","","","","",""
"VIC","MOONEE VALLEY CITY","100119","ABERFELDIE","REGISTERED","LOCB","LOCALITY","144.8979336","-37.7598565","100105","No Gender","","","","23/07/1998","G29, p.1987","","Aberfeldie (Perthshire, spelt Aberfeldy, near where the Black Watch Regiment was formed in 1739). According to an article retrieved from Wikipedia in March 2007, the suburb takes its name from a property called 'Aberfeldie', located on the corner of Aberfeldie Street and Park Crescent, which its owner, Scotsman James Robertson, had named after a place in Scotland. When the property was sold in 1888 it became the name of the suburb. Barnes (1964) and Blake (1977), on the other hand, state that Aberfeldie was the name of an estate owned by the Napier family. Both explanations point to a Scottish origin. ","","","","","","","Website","Ian Kendall","","","1","2011","","","","","","","","","","","Ian Kendall","Scottish Place Names - Melbourne, Australia","Rampant Scotland","http://www.rampantscotland.com/placenames/placename_melbourne.htm","","","","","","","","","","","","","1"
"VIC","MOONEE VALLEY CITY","38","ABERFELDIE PARK","REGISTERED","PARK","PARK","144.9014235","-37.7624675","9136","No Gender","","","","","","","Aberfeldie (Perthshire, spelt Aberfeldy, near where the Black Watch Regiment was formed in 1739). According to an article retrieved from Wikipedia in March 2007, the suburb takes its name from a property called 'Aberfeldie', located on the corner of Aberfeldie Street and Park Crescent, which its owner, Scotsman James Robertson, had named after a place in Scotland. When the property was sold in 1888 it became the name of the suburb. Barnes (1964) and Blake (1977), on the other hand, state that Aberfeldie was the name of an estate owned by the Napier family. Both explanations point to a Scottish origin. ","","","","","","","Website","Ian Kendall","","","1","2011","","","","","","","","","","","Ian Kendall","Scottish Place Names - Melbourne, Australia","Rampant Scotland","http://www.rampantscotland.com/placenames/placename_melbourne.htm","","","","","","","","","","","","","1"
"VIC","MOONEE VALLEY CITY","39","ABERFELDIE PRIMARY SCHOOL","REGISTERED","PRSC","PRIMARY SCHOOL","144.89478","-37.7564748","9137","No Gender","","","","","","","Aberfeldie (Perthshire, spelt Aberfeldy, near where the Black Watch Regiment was formed in 1739). According to an article retrieved from Wikipedia in March 2007, the suburb takes its name from a property called 'Aberfeldie', located on the corner of Aberfeldie Street and Park Crescent, which its owner, Scotsman James Robertson, had named after a place in Scotland. When the property was sold in 1888 it became the name of the suburb. Barnes (1964) and Blake (1977), on the other hand, state that Aberfeldie was the name of an estate owned by the Napier family. Both explanations point to a Scottish origin. ","","","","","","","Website","Ian Kendall","","","1","2011","","","","","","","","","","","Ian Kendall","Scottish Place Names - Melbourne, Australia","Rampant Scotland","http://www.rampantscotland.com/placenames/placename_melbourne.htm","","","","","","","","","","","","","1"
"VIC","BAW BAW SHIRE","100120","ABERFELDY","REGISTERED","LOCB","LOCALITY","146.378349","-37.702066","100106","No Gender","","","","24/06/1999","G25, p.1480","","From a place in Scotland.","","","","","","","Book","John George Saxton","Victoria Place-Names And Their Origin","","","1907","Saxton and Buckie","Clifton Hill","-","","","","","","","","","","","","","","","","","","","","","","","","1"
"VIC","BAW BAW SHIRE","123111","ABERFELDY / NAMBRUC STATE FOREST","DUAL","FRST","STATE FOREST","146.3784329","-37.6997305","122472","No Gender","Aboriginal Name","","","26/05/2016","G21, PAGE 1249","","From a place in Scotland.","","","","","","","Book","John George Saxton","Victoria Place-Names And Their Origin","","","1907","Saxton and Buckie","Clifton Hill","-","","","","","","","","","","","","","","","","","","","","","","","","1"
"VIC","BAW BAW SHIRE","41","ABERFELDY RIVER","REGISTERED","WACO","WATERCOURSE","146.4381352","-37.8369395","9139","No Gender","","","","","","","From a place in Scotland.","","","","","","","Book","John George Saxton","Victoria Place-Names And Their Origin","","","1907","Saxton and Buckie","Clifton Hill","-","","","","","","","","","","","","","","","","","","","","","","","","1"
"VIC","BAW BAW SHIRE","41","ABERFELDY RIVER","REGISTERED","WACO","WATERCOURSE","146.4381352","-37.8369395","9139","No Gender","","","","","","","Traditional name: Nambruc.  'Plenty of black opossums'","Indigenous","Yes","","","","","Book","Smyth, Robert Brough","The Aborigines of Victoria","","","1878","Government Printer","Melbourne","190","","","","","","","","","","","","","","","","","","","","","","","","1"
"VIC","BAW BAW SHIRE","41","ABERFELDY RIVER","REGISTERED","WACO","WATERCOURSE","146.4381352","-37.8369395","9139","No Gender","","","","","","","Traditional Name: Nambruc Explanation: plenty of black opossums Discussion on Current Name: Aberfeldy township n by William Anderson after burgh on Tay River, Scotland - see Nambrok (q.v.),  Hagenauer in Smyth 1878b: 190.","Braiakaulung,Woiwurrung","Yes","","","","","Website","Clark, Ian and Heydon, Toby","","","","2011","","","","","","","","","","","Victorian Aboriginal Corporation for Languages","","Victorian Aboriginal Corporation for Languages","http://www.vaclang.org.au","","","","","","","","","","","","","1"
"VIC","BAW BAW SHIRE","31606","ABERFELDY RIVER LEFT BRANCH","HISTORICAL","WACO","WATERCOURSE","146.4702655","-37.6720504","9141","No Gender","","","","","","","From a place in Scotland.","","","","","","","Book","John George Saxton","Victoria Place-Names And Their Origin","","","1907","Saxton and Buckie","Clifton Hill","-","","","","","","","","","","","","","","","","","","","","","","","","1"
"VIC","BAW BAW SHIRE","42","ABERFELDY RIVER NORTH BRANCH","REGISTERED","WACO","WATERCOURSE","146.4754168","-37.6531833","9140","No Gender","","","","","","","From a place in Scotland.","","","","","","","Book","John George Saxton","Victoria Place-Names And Their Origin","","","1907","Saxton and Buckie","Clifton Hill","-","","","","","","","","","","","","","","","","","","","","","","","","1"
"VIC","BAW BAW SHIRE","31605","ABERFELDY RIVER RIGHT BRANCH","HISTORICAL","WACO","WATERCOURSE","146.4754168","-37.6531833","9140","No Gender","","","","","","","From a place in Scotland.","","","","","","","Book","John George Saxton","Victoria Place-Names And Their Origin","","","1907","Saxton and Buckie","Clifton Hill","-","","","","","","","","","","","","","","","","","","","","","","","","1"
"VIC","BAW BAW SHIRE","43","ABERFELDY RIVER SOUTH BRANCH","REGISTERED","WACO","WATERCOURSE","146.4702655","-37.6720504","9141","No Gender","","","","","","","From a place in Scotland.","","","","","","","Book","John George Saxton","Victoria Place-Names And Their Origin","","","1907","Saxton and Buckie","Clifton Hill","-","","","","","","","","","","","","","","","","","","","","","","","","1"
"VIC","BAW BAW SHIRE","44","ABERFELDY SOUTH TRIG","REGISTERED","SUMA","SURVEY MARKER","146.3582001","-37.6970702","9142","No Gender","","","","","","","From a place in Scotland.","","","","","","","Book","John George Saxton","Victoria Place-Names And Their Origin","","","1907","Saxton and Buckie","Clifton Hill","-","","","","","","","","","","","","","","","","","","","","","","","","1"
"VIC","GLENELG SHIRE","45","ABERFOYLE SWAMP","REGISTERED","WETL","WETLAND","141.0212837","-37.5110859","13","","","","","","","","","","","","","","","","","","","","","","","","","","","","","","","","","","","","","","","","","","","","","","",""
"VIC","GREATER SHEPPARTON CITY","46","ABGV 3","REGISTERED","RDST","RADIO STATION","145.6948671","-36.3595702","9143","","","","","","","","","","","","","","","","","","","","","","","","","","","","","","","","","","","","","","","","","","","","","","",""
"VIC","BENALLA RURAL CITY","123684","ABORIGINAL GARDEN","REGISTERED","PARK","PARK","145.9782782","-36.5477164","123010","No Gender","","","","6/09/2018","G36, PAGE 1939","","In 2015 Council was approached to consider amending the name from Indigenous Garden to Aboriginal Garden. The elders in the community wish to reclaim the word &#39;Aboriginal&#39; and stressed the importance of the word to their people. There are three tribes in the Benalla area, the Yorta Yorta, Pangerang and Taungurong, so the word &#39;Aboriginal&#39; encapsulates all three tribes.","Aboriginal","","","","","2018","Council","","","","","","","","","","","","","","","","","","","","","","","","","","","Benalla Rural City","","","","","1"
"VIC","DAREBIN CITY","47","ABRAHAMS RESERVE","REGISTERED","PARK","PARK","144.9804226","-37.7581812","9144","Woman","","","","","","","'Named after the late Agnes Abrahams.  A pioneer resident of the Brunswick municipality well known for her philanthropic gestures.  Mrs. Abrahams lived all of her life in Brunswick and died at the age of 92.  Her father and brothers were instrumental in the building of many properties in the municipality.'","","","","","","","Manuscript","Place Names Committee Files","Submission","27","5","1980","","","1","","","","","","","PNC file number 806","","","","","","","","","","","","","","","","","1"
"VIC","NORTHERN GRAMPIANS SHIRE","48","ABRUPT PEAK","REGISTERED","PEAK","PEAK","142.581812","-37.2331811","14","","","","","","","","","","","","","","","","","","","","","","","","","","","","","","","","","","","","","","","","","","","","","","",""