"","Geographical Names Register of NSW",,,,,,,,,,,,,,,,,,,,,
"Search Criteria:","",,,,,,,,,,,,,,,,,,,,,
"","Search Date:","15th November 2024",,,,,,,,,,,,,,,,,,,,
"","",,,,,,,,,,,,,,,,,,,,,
"REFERENCE","PLACENAME","DESIGNATION","STATUS","DUAL NAME","GAZETTE DATE","GEOGRAPHICAL NAME","PREVIOUS NAMES","GNB FILE","LGA","LGA AT GAZETTAL","GDA2020 LAT","GDA2020 LONG","1:25,000 MAP NAME","1:100,000 MAP","PARISH","COUNTY","DESCRIPTION","MEANING","ORIGIN","HISTORY","PRONUNCIATION","ABORIGINAL NAME"
,"12 Mile Dam","TANK","Official Recorded",,"21st December 1990",,,"3268","BOGAN","BOGAN","-32.123384","146.673461","BOBADAH","BOBADAH 8233",,"FLINDERS","","","","",,""
,"16 Mile Gum Tank Govt Tank","TANK","Variant",,,"Sixteen Mile Gums Tank",,,,,"-34.765129","144.767944",,"HAY 7828",,,"","","","",,""
,"1st Branch Creek","CREEK","Variant",,,"Wattle Point Creek",,,,,"-29.215068","152.651086",,"COALDALE 9439",,,"","","","",,""
,"20 Mile Hollow","RURAL PLACE","Discontinued",,"24th July 1970",,,"8930","BLUE MOUNTAINS","BLUE MOUNTAINS","-33.731751","150.484505","KATOOMBA","KATOOMBA 8930","WOODFORD","COOK","","","","",,""
,"2nd Branch of Josephs Creek","CREEK","Variant",,,"Mays Camp Creek",,,,,"-29.215068","152.667753",,"COALDALE 9439",,,"","","","",,""
,"2nd Lookout","LOOKOUT","Variant",,,"Sublime Point Lookout",,,"WOLLONGONG","WOLLONGONG","-34.298412","150.917837",,"WOLLONGONG 9029",,,"","","","",,""
,"35 Mile Warrambool","CREEK","Variant",,,"The Big Warrambool",,,,,"-29.631800","143.001244",,"CARINDA 8437; DUNGALEAR 8538; DUNUMBRAL 8539",,,"","","","",,""
,"390 Mile Lagoon","LAGOON","Deferred",,"30th September 1992",,,"3930","MURRAY RIVER","MURRAY","-35.765140","144.351296","KEELY","COHUNA 7726","TANTONAN","CADELL","A lagoon about 3 km SE of Cemetery Bend and about 2 km N of Social Bend.","","","",,""
,"399 Mile Landing","RURAL PLACE","Deferred",,"30th September 1992",,,"3930","MURRAY RIVER","WAKOOL","-35.731807","144.284630",,"COHUNA 7726","CANGAN","WAKOOL","A locality about 3.5 km S by E of Myloc and about 5.5 km SE by S of Racecourse Flat. (Flat)","","","",,""
,"3 Mile Gully or Three Mile Gully","CREEK","Variant",,,"Three Mile Creek",,,,,"-32.406753","149.534504",,"COBBORA 8733; GULGONG 8833",,,"","","","",,""
,"3 Miles","RURAL PLACE","Discontinued",,"14th September 1979; 7th July 2006",,,"7827","MURRAY RIVER","MURRAY","-35.465133","144.651289","MORAGO","WANGANELLA 7827","TUMUDGERY","TOWNSEND","","","","",,""
,"3rd Branch","GULLY","Discontinued",,,,,,,,"-29.231734","152.667753",,"COALDALE 9439",,,"","","","",,""
,"4 Corners Lagoon","SWAMP","Variant",,,"Four Corners Lagoon",,,,,"-35.415122","145.834603",,"JERILDERIE 8027",,,"","","","",,""
,"4 Mile Dam","DAM","Variant",,,"Four Mile Dam",,,,,"-35.281797","144.867950",,"WANGANELLA 7827",,,"","","","",,""
,"5 Mile Creek","ANABRANCH","Variant",,,"Berambong Creek",,,,,"-35.048471","143.917962",,"SWAN HILL 7627",,,"","","","",,""
,"9 Mile Tank","TANK","Variant",,,"Bangheet Tank",,,,,"-29.815080","150.467795",,"GRAVESEND 8938",,,"","","","",,""
,"Aaec Reservoir","TRIG. STATION","Official Assigned",,"21st June 1985",,,,"SUTHERLAND SHIRE","SUTHERLAND SHIRE","-34.052300","150.984222","CAMPBELLTOWN","WOLLONGONG 9029","HOLSWORTHY","CUMBERLAND","A trig. station  about 1 km W of Engadine and about 1 km S of Lucas Heights. TS10077","","Within the grounds of Lucas Heights administered by the Australian Atomic Energy Commission.","",,""
,"A.A. (Gus) Parish Memorial Park","RESERVE","Variant",,,"Parish Memorial Park",,"956","WOLLONGONG","WOLLONGONG","-34.448413","150.851173",,"WOLLONGONG 9029",,,"","","","",,""
,"Aamurre Waterhole","WATERHOLE","Official Assigned",,"14th November 2003",,"Aamurre Waterhole","3930","UNINCORPORATED - FAR WEST AREA","UNINCORPORATED","-30.065149","141.034608","SMITHVILLE","SMITHVILLE 7137",,"EVELYN","A waterhole about 5 km SE by S of Lake Boolka and about 16 km N by W of Lake Muck.","","","",,""
,"Aarons Creek","CREEK","Official Assigned",,"8th July 1977",,,,"UNINCORPORATED - FAR WEST AREA","UNINCORPORATED","-29.898456","143.984567","URISINO","URISINO 7638",,"ULARARA","A watercourse about 6 km long. It rises about 24km SSE of Mulgany Bore PWP and flows generally NE by N into Sandy Creek.","","","",,""
,"Aarons Pass","SADDLE","Official Assigned",,"21st July 1978",,,"5515","MID-WESTERN REGIONAL","MID-WESTERN REGIONAL","-32.865087","149.801170","KANDOS","MUDGEE 8832","TABRABUCCA","ROXBURGH","A saddle about 6 km E by N of Bombandi Hill and 7 km WNW of Long Mountain.","","In 1821, James Blackman and a small party set out from Bathurst in a northerly direction in search of new pastures and was accompanied by a local Aboriginal person named by the whites as Aaron.  Aaron guided the white party over the intervening rough and mountainous country through to the Cudgegong River, and onto the present site of Mudgee.","Source: Aborigines of the Bathurst District,  P J Gresser, The Western Times, 16.8.1962, page 7.",,""
,"Aarons Pass","LOCALITY","Official Assigned",,"2nd June 1995",,,"3690","MID-WESTERN REGIONAL","MID-WESTERN REGIONAL","-32.872032","149.809503","KANDOS","MUDGEE 8832","TABRABUCCA","ROXBURGH","A locality about 10km north west of Ilford and about 15 km east of Kandos Boundaries shown on map marked GNB 3690","","","",,""
,"Abaroo Creek","GULLY","Variant",,,"Abaroo Gully",,,,,"-34.098412","150.984501",,"WOLLONGONG 9029",,,"","","","",,""
,"Abaroo Gully","GULLY","Official Assigned",,"19th March 1976",,"Abaroo Creek",,"SUTHERLAND SHIRE","SUTHERLAND SHIRE","-34.098412","150.984501","CAMPBELLTOWN","WOLLONGONG 9029","HEATHCOTE","CUMBERLAND","A watercourse about 1.5 km long, flowing generally WNW into Heathcote Creek. Rising about 1km N of Sebastopol Trig Station and about 1.5km NE of Mount Mooray.","","","",,""
,"Abattoir","TRIG. STATION","Official Assigned",,"9th February 1979",,,"1749","ARMIDALE REGIONAL","GUYRA","-30.198405","151.667776","GUYRA","GUYRA 9237","FALCONER","SANDON","A trig station about 7 km S of Llangothlin and about 3 km NNE of Guyra. TS10558.","","","",,""
,"Abattoir Creek","CREEK","Official Assigned",,"22nd April 1977",,,,"BLAYNEY","BLAYNEY","-33.515094","149.234519","BLAYNEY","BLAYNEY 8730; ORANGE 8731","LINDSAY","BATHURST","A watercourse about 9  km long. It rises about 4 km S by E of Rockleigh TS and flows generally S then SE into Belubula River.","","","",,""
,"Abbey Creek","GULLY","Official Assigned",,"23rd March 1973",,,,"MID-COAST","GREATER TAREE","-31.798396","152.734442","COOPERNOOK","CAMDEN HAVEN 9434","HARRINGTON","MACQUARIE","A stream rising about 3.5 km ESE of the locality of Coral Ville. It flows generally ESE for about 1 km into the Tasman Sea.","","","",,""
,"Abbeygreen","TRIG. STATION","Discontinued",,"11th June 1982",,,,,,"-32.641185","151.113927","BULGA","CESSNOCK 9132","WHITTINGHAM","NORTHUMBERLAND","TS 10462 was destroyed and the name was discontinued. A replacement trig was erected about 300 mtrs away and named Patrick Plains.","","","",,""
,"Abbey Green","RURAL PLACE","Official Assigned",,"18th June 1976; 10th May 1996",,,"3803","SINGLETON","SINGLETON","-32.615074","151.134483","SINGLETON","CESSNOCK 9132","WHITTINGHAM","NORTHUMBERLAND","A locality about 3 km E by N of Mount Thorley and about 6 km W of Whittingham.","","","",,""
,"Abbot Range","RIDGE","Variant",,,"Abbott Ridge",,,,,"-36.415108","148.267912","PERISHER VALLEY","KOSCIUSKO 8525",,,"","","","",,""
,"Abbot Range","RIDGE","Variant",,,"Abbott Ridge",,,,,"-36.415108","148.267912","PERISHER VALLEY","KOSCIUSKO 8525",,,"","","","",,""
,"Abbotsbury","SUBURB","Official Assigned",,"16th December 1983; 9th September 1983; 17th May 1991",,,"2457,3550","FAIRFIELD","FAIRFIELD","-33.873683","150.859235","PROSPECT","PENRITH 9030","MELVILLE","CUMBERLAND","A suburb situated immediately to the west of Edensor Park and located about 5km SSW of Prospect Reservoir. Boundaries as shown on map GNB3550","","Derived from the name of the estate 'Abbotsbury' granted in 1806 to Major Edward Abbott, which is situated immediately to the north of this suburb.","",,""
,"Abbotsbury","TRIG. STATION","Discontinued",,,,,,,,"-33.848413","150.851166",,"PENRITH 9030",,,"","","","",,""
,"Abbotsford","SUBURB","Official Assigned",,"19th November 1976; 16th April 1993",,"Bigi Bigi","3715,3555","UNINCORPORATED - SYDNEY HARBOUR AREA","CANADA BAY","-33.856743","151.126161","PARRAMATTA RIVER","SYDNEY 9130","CONCORD","CUMBERLAND","A suburb about 1 km N of Five Dock and about 5 km SSE of Ryde. Boundaries within Canada Bay City Council area shown on map GNB3555.","","There are two theories about the origin of this name.  1: It was named after Sir Walter Scott`s home in Scotland or  2: It was named after the estate of Sir Arthur Renwick.  (P.324,  RAHS Journal Vol 31, Pt5).","Abbotsford was first known by the Aboriginal name Bigi Bigi. (Information supplied by Drummoyne Council)",,""
,"Abbotsford","PARISH","Official Recorded",,"16th April 1991",,,,"CENTRAL DARLING","CENTRAL DARLING","-33.230744","144.323797",,"KILFERA 7731","ABBOTSFORD","WALJEERS","A parish in the Western Division Parish DP No. 756604","","","",,""
,"Abbotsford Bay","BAY","Official Assigned",,"19th November 1976",,"Fig Tree Bay",,"UNINCORPORATED - SYDNEY HARBOUR AREA","CANADA BAY","-33.848409","151.134494","PARRAMATTA RIVER","SYDNEY 9130","CONCORD","CUMBERLAND","A bay on Parramatta River about 5 km SE of Ryde.","","","",,""
,"Abbotsford Bore","BORE","Official Assigned",,"18th June 1976",,,,"CENTRAL DARLING","CENTRAL DARLING","-32.965123","144.401260","IVANHOE","IVANHOE 7732",,,"A PWP number 1070. It is about 12 km SE of Ivanhoe.","","","",,""
,"Abbotsford Park","RESERVE","Official Assigned",,"10th November 1967",,,,"UPPER HUNTER","UPPER HUNTER","-31.898411","150.884479","PARKVILLE","MURRURUNDI 9034","WINGEN","BRISBANE","A park situated on the western side of the New England Highway within the village of Wingen, just north of the Railroad Station.","","","",,""
,"Abbotsford Point","POINT","Deferred",,"30th September 1992",,,"3930","UNINCORPORATED - SYDNEY HARBOUR AREA","CANADA BAY","-33.848409","151.134494","PARRAMATTA RIVER","SYDNEY 9130","CONCORD","CUMBERLAND","A point on Abbotsford Bay, about 3 km W by N of Spectacle Island.","","","",,""
,"Abbotsford Public School","SCHOOL","Official Assigned",,"19th November 1976",,,"2144","UNINCORPORATED - SYDNEY HARBOUR AREA","CANADA BAY","-33.848409","151.134494","PARRAMATTA RIVER","SYDNEY 9130","CONCORD","CUMBERLAND","A Public school at 350 Great North Road, Abbotsford 2046","","","",,""
,"Abbotsford Wharf","WHARF","Official Assigned",,"19th November 1976",,,,"RYDE","CANADA BAY","-33.831743","151.117828","PARRAMATTA RIVER","SYDNEY 9130","CONCORD","CUMBERLAND","A wharf on Parramatta River about 2 km SE by E of Putney Point.","","","",,""
,"Abbotsholme Glen","RESERVE","Official Assigned",,"4th May 1979",,"Werona Avenue Reserve","1734","KU-RING-GAI","KU-RING-GAI","-33.765076","151.151160","PARRAMATTA RIVER","SYDNEY 9130","GORDON","CUMBERLAND","A reserve on the corner of Werona Avenue, Maples Avenue and Lynwood Avenue, Killara.","","Abbotsholme College was once in the Killara district.","",,""
,"Abbotsmith Range","RIDGE","Variant",,,"Abbotsmith Ridge",,,,,"-31.131733","152.384441",,"COWARRAL 9335",,,"","","","",,""
,"Abbotsmith Ridge","RIDGE","Official Assigned",,"10th January 1969",,"Abbotsmith Range",,"KEMPSEY","KEMPSEY","-31.131733","152.384441","BANDA BANDA","COWARRAL 9335","DUDLEY","DUDLEY","A ridge extending in a north-east direction for about 7km from Brushy Mountain to the junction of Cow and Parrabel Creeks.","","","",,""
,"Abbots Tank","TANK","Official Assigned",,"6th July 1979",,,,"BALRANALD","BALRANALD","-34.581810","143.134633","WEIMBY","WEIMBY 7528",,"TAILA","A tank PWP No. 356 about 3 km E of Deadman Plain and about 15 km W by N of Waldaina Tank.","","","",,""
,"Abbott Park","RESERVE","Official Assigned",,"21st March 1975",,,,"CANTERBURY-BANKSTOWN","BANKSTOWN","-33.881744","150.992831","LIVERPOOL","PENRITH 9030","LIBERTY PLAINS","CUMBERLAND","A park in Chester Hill NE of the Junction of Miller Road with Waldron Road.","","","",,""
,"Abbott Peak","MOUNTAIN","Official Assigned",,"10th July 1981",,,,"SNOWY VALLEYS","TUMBARUMBA","-36.415108","148.251246","YOUNGAL","KOSCIUSKO 8525","MUNYANG","SELWYN","A mountain rising about 300 metres from Wilkinsons Creek. It lies on Abbott Ridge about 1 km SW of Mount Townsend and 1500 metres WNW of Muellers Peak.","","Named by Austrian zoologist Dr Robert von Lendenfeld during his investigation of the central part of the Australian Alps in 1885 after the current Minister for Mines Joseph Palmer Abbott. Historian Alan E J Andrews has identified the rocky peak south-west of Mount Townsend as current location. Source: Report  by Dr von Lendenfeld on the results of his recent examination of the central part of the Australian Alps, 1885, p 7; Alan E J Andrews, Kosciusko; The Mountain in History, Table Top Press, Canberra, 1991, p 178","",,""
,"Abbott Ridge","RIDGE","Official Assigned",,"10th July 1981",,"Abbot Range",,"SNOWY VALLEYS","TUMBARUMBA","-36.415108","148.267912","PERISHER VALLEY","KOSCIUSKO 8525","MUNYANG","SELWYN","A ridge about 10 km long. It lies between Kosciuszko Creek and Lady Northcote Creek rising about 2.5km SW by W of Abbott Peak and ending 1.5km SSE of Olsens Lookout.","","","",,""
,"Abbotts Falls","RAPIDS","Official Assigned",,"25th March 1977",,"Searls Ford",,"MID-COAST","GREATER TAREE","-31.898398","152.367784","TAREE","WINGHAM 9334","WINGHAM","GLOUCESTER","Rapids on the Manning River about 1 km SW of the Bight and about 2.5km SSE of Wingham.","","","",,""
,"Abbotts Gully","GULLY","Official Assigned",,"3rd September 1976",,"Walfords Creek",,"MID-WESTERN REGIONAL","MID-WESTERN REGIONAL","-32.490086","149.701169","GULGONG","GULGONG 8833","BAYLY","PHILLIP","A watercourse about 2 km long, flowing generally NE into Stony Creek Rising about 4 km SSE of Frog Rock and about 6 km E by S of Eurindury Trig. Station.","","","",,""
,"Abdul Haq Reserve","RESERVE","Official Assigned",,"20th January 2023",,,"6221","BLACKTOWN","BLACKTOWN","-33.730392","150.838476","Riverstone","Penrith 9030","Rooty Hill","Cumberland","Reserve 678 at Hassell Grove is located off Amita Crescent, Athens Avenue and Buckwell Drive.   The reserve has a small playspace.
",,"Dr. Abdul Haq was well known for his honesty, sincerity, and generosity. He helped many people in need, and actively pursued the establishment of the Muslim section at Riverstone and the Quakers Hill Mosque.

Dr. Abdul Haq studied at the Bangladesh University of Engineering and Technology (BUET) Dhaka, Bangladesh acquiring a Bachelor of Science in Engineering, further studies he received a Doctoral and Master in Industrial Engineering.

Good morning Bangladesh became an important social event for the Sydney Bangladeshi community to join forces with Australia’s Biggest Morning Tea, raising a significant amount for the NSW Cancer Council from 2001-2016.

He has been appreciated by the Cancer Council, cited in the Federal Parliament by Honourable Ed Music MP member for Chifley and Honourable Matt Thistlethwaite member for Kingsford Smith.


",,,""
,"A'Becketts Creek","CREEK","Official Assigned",,"10th June 1983",,,,"CUMBERLAND","PARRAMATTA","-33.831744","151.001163","PARRAMATTA RIVER","SYDNEY 9130","ST JOHN","CUMBERLAND","A watercourse about 3.5 km long. It rises about 3 km S by E of Westmead Railway Station and flows generally ENE then E into Duck Creek.","","","",,""
,"Abena","PARISH","Official Recorded",,"16th April 1991",,,,"UNINCORPORATED - FAR WEST AREA","UNINCORPORATED","-33.109070","141.964677",,"CUTHERO 7331","ABENA","WINDEYER","A parish in the Western Division Parish DP No. 757129","","","",,""
,"Aberbaldie","PARISH","Official Assigned",,"10th May 1974",,,,"WALCHA","WALCHA","-31.131739","151.417788","WEABONGA","NUNDLE 9135","ABERBALDIE","VERNON","A lands administrative division.","","","",,""
,"Aberbaldie Nature Reserve","RESERVE","Deferred",,"13th March 1990",,,"3464","WALCHA","WALCHA","-31.073406","151.426121","ABERBALDIE","NUNDLE 9135","ABERBALDIE","VERNON","A nature reserve located in the Moonbi Range about 20 km SW of Walcha & about 7 km NW of Cobrabald Mountain.","","","",,""
,"Abercorn","PARISH","Official Assigned",,"2nd May 1969",,,,"OBERON","OBERON","-33.998422","149.917850",,"OBERON 8830; TARALGA 8829","ABERCORN","WESTMORELAND","A lands administrative division.","","","",,""
,"Abercorn","TRIG. STATION","Official Assigned",,"16th October 1981",,,,"MOREE PLAINS","MOREE PLAINS","-29.063697","149.711970","GARAH","MOREE 8839","DOURO","STAPYLTON","A trig. station , about 8 km SE of Four Mile Clump about 8 km E by N of Garah. TS580","","","",,""
,"Abercorn Creek","CREEK","Official Assigned",,"30th January 1981",,,,"CLARENCE VALLEY","CLARENCE VALLEY","-30.272845","152.527484","DORRIGO","DORRIGO 9437","TYRINGHAM","FITZROY","A watercourse about 4 km long.  It rises about 1500 m W of Bald Hill and flows generally SE then E then NE until its confluence with Nymboida River near Harness Cask.","","","",,""
,"Abercrombie","SUBURB","Official Assigned",,"5th August 1994",,,"3734","BATHURST REGIONAL","BATHURST REGIONAL","-33.390091","149.565068","BATHURST","BATHURST 8831","BATHURST","BATHURST","A locality about 4 km NNW of Bathurst and about 3 km SE of Eglinton. Boundaries within the Bathurst Council area see map marked GNB3734.","","","",,""
,"Abercrombie","PARISH","Official Assigned",,"15th June 1979",,,,"GWYDIR","GWYDIR","-29.215081","150.501123","CROPPA CREEK","CROPPA CREEK 8939; YALLAROI 9039","ABERCROMBIE","BURNETT","A lands administrative division.","","","",,""
,"Abercrombie","TRIG. STATION","Official Assigned",,"11th July 1980",,,,"GWYDIR","GWYDIR","-29.205080","150.562789","ROCKY DAM","YALLAROI 9039","ABERCROMBIE","BURNETT","A trig. station about 6 km W by S of Pepperbox Hill and 3 km SW by S of Dangar Brothers. TS5645","","","",,""
,"Abercrombie","RURAL PLACE","Official Assigned",,"22nd April 1977; 8th June 2001",,"Village of Abercrombie",,"UPPER LACHLAN SHIRE","BATHURST REGIONAL","-33.956760","149.334523","ABERCROMBIE","BLAYNEY 8730","TUENA","GEORGIANA","A locality about 5.5 km SE of Paddys Pinnacle and about 3 km NW by W of McKenzies Flat.","","","",,""
,"Abercrombie","PARISH","Official Assigned",,"22nd April 1977",,,,"BATHURST REGIONAL","BATHURST REGIONAL","-33.915094","149.251191","ABERCROMBIE","BLAYNEY 8730","ABERCROMBIE","GEORGIANA","A lands administrative division.","","","",,""
,"Abercrombie","PARISH","Official Assigned",,"9th March 1979",,,,"HAY","HAY","-34.648462","144.684611","HAY","HAY 7828","ABERCROMBIE","WARADGERY","A lands administrative division.","","","",,""
,"Abercrombie","PARISH","Official Assigned",,"3rd October 1969",,,,"SNOWY MONARO REGIONAL","COOMA-MONARO","-36.031763","149.251221","BREDBO","COOMA 8725; MICHELAGO 8726","ABERCROMBIE","BERESFORD","A lands administrative division.","","","",,""
,"Abercrombie Caves","CAVE","Official Assigned",,"22nd April 1977",,,,"BATHURST REGIONAL","BATHURST REGIONAL","-33.906760","149.359522","ABERCROMBIE","BLAYNEY 8730","BOMBAH","GEORGIANA","Caves about 3 km N by W of Grove Creek Falls and about 5 km ESE of Bushranger Hill.","","","",,""
,"Abercrombie Caves","RURAL PLACE","Official Assigned",,"14th July 1995; 22nd April 1977; 8th June 2001",,,"3763","BATHURST REGIONAL","BATHURST REGIONAL","-33.898427","149.351189","ABERCROMBIE","BLAYNEY 8730","BOMBAH","GEORGIANA","A place about 7km E by N of Paddys Pinnacle and about 4 km WNW of Barragans Mountain.","","","",,""
,"Abercrombie Channel","CHANNEL","Deferred",,"30th September 1992",,,"3930",,,"-34.715137","143.867957","TOOGIMBIE","BALRANALD 7628",,,"","","","",,""
,"Abercrombie Channel","CHANNEL","Official Assigned",,"30th September 1992",,,"3930","MURRAY RIVER","BALRANALD","-34.715137","143.867957","BALRANALD","BALRANALD 7628","IMPIMI","CAIRA","A channel about 50 miles long. Constructed by the Abercrombie Pumping Association.","","","",,""
,"Abercrombie Creek","CREEK","Discontinued",,,,,,,,"-34.681796","144.601279",,"HAY 7828",,,"","","","",,""
,"Abercrombie Creek","CREEK","Official Assigned",,"27th April 1979",,,,"HAY","HAY","-34.748463","144.601280","BOOROORBAN","BALRANALD 7628; DRY LAKE 7728; HAY 7828","GODFREY","WARADGERY","A watercourse about 150 km long, indefinite in parts. It starts about 35 km ESE of Hay and flows generally W by S to Lake Leriwa.","","","",,""
,"Abercrombie Creek","CREEK","Official Assigned",,"25th February 1972",,,,"CLARENCE VALLEY","CLARENCE VALLEY","-29.815068","152.467760","DALMORTON","NEWTON BOYD 9338","DALMORTON","GRESHAM","A non perennial stream rising about 5 km N of Dalmorton. It flows generally NE for about 4 km into Dinner Creek.","","","",,""
,"Abercrombie River","RIVER","Official Assigned",,"14th November 1975",,,"4341","UPPER LACHLAN SHIRE","UPPER LACHLAN","-34.015093","149.417856","BIGGA","BLAYNEY 8730; CROOKWELL 8729; TARALGA 8829","THOMPSON","GEORGIANA","A watercourse about 130 km long. It rises about 2 km ENE of Mount Werong and flows generally W, NW into Wyangala Dam.","","","The river was discovered by Charles Throsby on 5 May 1819.  It was named by John Thomas Bigge, Commissioner of Enquiry on 22 October 1820.  (GNB Newspaper Clippings Book)  (See also GNB4341)",,""
,"Abercrombie River","LOCALITY","Official Assigned",,"8th June 2001; 14th July 1995; 29th October 2004",,"Abercrombie","3694,3763","BATHURST REGIONAL","BATHURST REGIONAL","-33.911742","149.352378","ABERCROMBIE","BLAYNEY 8730","TUENA","GEORGIANA","An Address Locality Due to a duplication of address locality names in the new Bathurst Regional Council this locality was amended from Abercrombie to Abercrombie River on 29th October 2004. Boundaries and names in Bathurst Regional shown map GNB3763.","","","",,""
,"Abercrombie River National Park","RESERVE","Official Assigned",,"16th May 1997",,,"4363","OBERON","UPPER LACHLAN; OBERON","-34.098423","149.667854","ARKSTONE","TARALGA 8829","FINLEY","GEORGIANA","A national park of about 19,000 ha proclaimed on 22 Dec 1995 in Gov Gaz 158, folios 8815-16.  It is in two sections spread over the Bigga, Arkstone, Gurnang, Fullerton and Mount Armstrong maps.  It extends from the most westerly part of Por 23 Ph Bingham on the west to the most easterly part of Por 70 Ph Wyndham on the east.  It extends south from the most northerly part of lot 59 of DP 45335 to the northern boundary of Por 3 Ph Bummaroo.  (This description gives a simple outline of the park as it was on the date of proclamation. For additions contact National Parks and Wildlife Service).","","Named after the river which adjoins the park.  (See also file GNB4341).","The park absorbed part of the Gurnang State Forest.  The area was sighted from a distance by George Evans in 1815.  Charles Throsby discovered the river in 1819 and Commissioner Bigge named it in 1820.",,""
,"Aberdare","TOWN","Official Assigned",,"5th September 1975",,,"3567","CESSNOCK","CESSNOCK","-32.831739","151.367814","CESSNOCK","CESSNOCK 9132","CESSNOCK","NORTHUMBERLAND","A town on the eastern side of Cessnock and about 2.5 km NW of Kearsley.","","See Abermain.","",,""
,"Aberdare","LOCALITY","Official Assigned",,"13th April 2000; 23rd October 2015",,,"3567","CESSNOCK","CESSNOCK","-32.842851","151.380314","CESSNOCK","CESSNOCK 9132","CESSNOCK","NORTHUMBERLAND","A locality in the Cessnock LGA. Boundaries in Cessnock LGA shown on map GNB3567-2.","","","",,""
,"Aberdare Cemetery","CEMETERY","Official Assigned",,"24th October 1975",,"Cemetery At Aberdare",,"CESSNOCK","CESSNOCK","-32.840073","151.384480","CESSNOCK","CESSNOCK 9132","CESSNOCK","NORTHUMBERLAND","A cemetery about 1.5 km NW of Kearsley and about 2.5 km SW by W of Neath.","","","",,""
,"Aberdare Junction Railway Station","RAILWAY STATION","Discontinued",,,,,,,,"-32.765072","151.501144",,"NEWCASTLE 9232",,,"","","","",,""
,"Aberdare State Forest","FOREST","Official Assigned",,"5th September 1975",,,,"CESSNOCK","CESSNOCK","-32.881740","151.351148","QUORROBOLONG","CESSNOCK 9132","CESSNOCK","NORTHUMBERLAND","State Forest No. 981 in the forestry district of Newcastle. Area is about 3,665 ha.","","","",,""
,"Aberdeen","TRIG. STATION","Official Assigned",,"2nd June 1978",,,"1684","UPPER HUNTER","UPPER HUNTER","-32.165076","150.884481","ABERDEEN","MUSWELLBROOK 9033","RUSSELL","DURHAM","A trig. station about 700 metres ENE of Aberdeen Railway Station and about 3 km NNW of Redmount Trig. Station. TS10463","","","",,""
,"Aberdeen","VILLAGE","Official Assigned",,"22nd September 1967",,,,"UPPER HUNTER","UPPER HUNTER","-32.165076","150.901148","ABERDEEN","MUSWELLBROOK 9033","RUSSELL","DURHAM","A village on the eastern bank of the Hunter River 11 km north of Muswellbrook through which runs the New England Highway and the main Northern Railway Line.","","Named in 1838 after George Gordon 4th Earl of Aberdeen, K.G., distinguished statesman and scholar. Name suggested by Thomas Potter Macqueen and Segenhoe, former British M.P., friend of the Earl.(Infor. from Scone and Upper Hunter Historical Society) RAHS Newsletter, August, 1972. p7.","",,""
,"Aberdeen","RURAL PLACE","Official Assigned",,"25th August 1995; 17th September 2010",,,"3771","INVERELL","GUYRA","-30.006743","151.067785","KINGS GAP","BUNDARRA 9137","ASTON","HARDINGE","A Rural Place about 8 km north east of Kings Gap and about 30 km south of Inverell.","","","",,""
,"Aberdeen","LOCALITY","Official Assigned",,"9th December 1994; 24th January 1997",,,"3801,3790","UPPER HUNTER","MUSWELLBROOK; UPPER HUNTER","-32.165076","150.901148","ABERDEEN","MUSWELLBROOK 9033","RUSSELL","DURHAM","Boundaries within Council of Muswellbrook shown on map marked GNB 3790 Boundaries within the Scone Council area shown on map GNB3801.","","","",,""
,"Aberdeen Creek","CREEK","Official Assigned",,"15th December 1967",,,,"GWYDIR","GWYDIR","-30.031744","150.951121","GLENIRIE","COBBADAH 9037","MEHI","MURCHISON","Partly perennial stream rising about 8km east of Munro Trigonometrical Station. It flows generally NE for about 6.5km into the Gwydir River.","","","",,""