<metadata xml:lang="en">
	<Esri>
		<CreaDate>20240228</CreaDate>
		<CreaTime>21080000</CreaTime>
		<ArcGISFormat>1.0</ArcGISFormat>
		<SyncOnce>FALSE</SyncOnce>
		<ArcGISProfile>ISO19139</ArcGISProfile>
		<DataProperties>
			<itemProps>
				<itemName Sync="TRUE">Place_names_gazetteer</itemName>
				<nativeExtBox>
					<westBL Sync="TRUE">137.999170</westBL>
					<eastBL Sync="TRUE">153.555278</eastBL>
					<southBL Sync="TRUE">-29.183333</southBL>
					<northBL Sync="TRUE">-9.142500</northBL>
					<exTypeCode Sync="TRUE">1</exTypeCode>
				</nativeExtBox>
				<itemLocation>
					<linkage Sync="TRUE">file://\\sp-prd-fsx.dnrm.local\share\customApps\ClipZipShip\working\QSC_Extracted_Data_20241116_091529762538-17764\Place_names_gazetteer.shp</linkage>
					<protocol Sync="TRUE">Local Area Network</protocol>
				</itemLocation>
				<imsContentType export="False">001</imsContentType>
				<itemSize Sync="TRUE">0.000</itemSize></itemProps>
			<coordRef>
				<type Sync="TRUE">Geographic</type>
				<geogcsn Sync="TRUE">GDA2020</geogcsn>
				<csUnits Sync="TRUE">Angular Unit: Degree (0.017453)</csUnits>
				<peXml Sync="TRUE">&lt;GeographicCoordinateSystem xsi:type='typens:GeographicCoordinateSystem' xmlns:xsi='http://www.w3.org/2001/XMLSchema-instance' xmlns:xs='http://www.w3.org/2001/XMLSchema' xmlns:typens='http://www.esri.com/schemas/ArcGIS/2.9.0'&gt;&lt;WKT&gt;GEOGCS[&amp;quot;GDA2020&amp;quot;,DATUM[&amp;quot;GDA2020&amp;quot;,SPHEROID[&amp;quot;GRS_1980&amp;quot;,6378137.0,298.257222101]],PRIMEM[&amp;quot;Greenwich&amp;quot;,0.0],UNIT[&amp;quot;Degree&amp;quot;,0.0174532925199433],AUTHORITY[&amp;quot;EPSG&amp;quot;,7844]]&lt;/WKT&gt;&lt;XOrigin&gt;-400&lt;/XOrigin&gt;&lt;YOrigin&gt;-400&lt;/YOrigin&gt;&lt;XYScale&gt;11258999068426.238&lt;/XYScale&gt;&lt;ZOrigin&gt;-100000&lt;/ZOrigin&gt;&lt;ZScale&gt;10000&lt;/ZScale&gt;&lt;MOrigin&gt;-100000&lt;/MOrigin&gt;&lt;MScale&gt;10000&lt;/MScale&gt;&lt;XYTolerance&gt;8.983152841195215e-09&lt;/XYTolerance&gt;&lt;ZTolerance&gt;0.001&lt;/ZTolerance&gt;&lt;MTolerance&gt;0.001&lt;/MTolerance&gt;&lt;HighPrecision&gt;true&lt;/HighPrecision&gt;&lt;LeftLongitude&gt;-180&lt;/LeftLongitude&gt;&lt;WKID&gt;7844&lt;/WKID&gt;&lt;LatestWKID&gt;7844&lt;/LatestWKID&gt;&lt;/GeographicCoordinateSystem&gt;</peXml>
			</coordRef>
			<lineage><Process ToolSource="c:\program files\arcgis\server\framework\runtime\arcgis\Resources\ArcToolbox\toolboxes\Analysis Tools.tbx\Select" Date="20241116" Time="091535">Select GCdXQSIG C:\customApps\ClipZipShip\working\QSC_Extracted_Data_20241116_091529762538-17764\data.gdb\Place_names_gazetteer #</Process><Process ToolSource="c:\program files\arcgis\server\framework\runtime\arcgis\Resources\ArcToolbox\toolboxes\Conversion Tools.tbx\FeatureClassToFeatureClass" Date="20241116" Time="091547">FeatureClassToFeatureClass C:\customApps\ClipZipShip\working\QSC_Extracted_Data_20241116_091529762538-17764\data.gdb\Place_names_gazetteer \\sp-prd-fsx.dnrm.local\share\customApps\ClipZipShip\working\QSC_Extracted_Data_20241116_091529762538-17764 Place_names_gazetteer.shp # "ref_no "ref_no" true true false 4 Long 0 0,First,#,C:\customApps\ClipZipShip\working\QSC_Extracted_Data_20241116_091529762538-17764\data.gdb\Place_names_gazetteer,ref_no,-1,-1;place_name "place_name" true true false 256 Text 0 0,First,#,C:\customApps\ClipZipShip\working\QSC_Extracted_Data_20241116_091529762538-17764\data.gdb\Place_names_gazetteer,place_name,0,256;alt_name "alt_name" true true false 256 Text 0 0,First,#,C:\customApps\ClipZipShip\working\QSC_Extracted_Data_20241116_091529762538-17764\data.gdb\Place_names_gazetteer,alt_name,0,256;type "type" true true false 6 Text 0 0,First,#,C:\customApps\ClipZipShip\working\QSC_Extracted_Data_20241116_091529762538-17764\data.gdb\Place_names_gazetteer,type,0,6;description "description" true true false 50 Text 0 0,First,#,C:\customApps\ClipZipShip\working\QSC_Extracted_Data_20241116_091529762538-17764\data.gdb\Place_names_gazetteer,description,0,50;status "status" true true false 1 Text 0 0,First,#,C:\customApps\ClipZipShip\working\QSC_Extracted_Data_20241116_091529762538-17764\data.gdb\Place_names_gazetteer,status,0,1;currency "currency" true true false 1 Text 0 0,First,#,C:\customApps\ClipZipShip\working\QSC_Extracted_Data_20241116_091529762538-17764\data.gdb\Place_names_gazetteer,currency,0,1;gazetted_date "gazetted_date" true true false 8 Date 0 0,First,#,C:\customApps\ClipZipShip\working\QSC_Extracted_Data_20241116_091529762538-17764\data.gdb\Place_names_gazetteer,gazetted_date,-1,-1;gazette_page "gazette_page" true true false 8 Double 0 0,First,#,C:\customApps\ClipZipShip\working\QSC_Extracted_Data_20241116_091529762538-17764\data.gdb\Place_names_gazetteer,gazette_page,-1,-1;plan_no "plan_no" true true false 10 Text 0 0,First,#,C:\customApps\ClipZipShip\working\QSC_Extracted_Data_20241116_091529762538-17764\data.gdb\Place_names_gazetteer,plan_no,0,10;modified_date "modified_date" true true false 8 Date 0 0,First,#,C:\customApps\ClipZipShip\working\QSC_Extracted_Data_20241116_091529762538-17764\data.gdb\Place_names_gazetteer,modified_date,-1,-1;lga_name "lga_name" true true false 64 Text 0 0,First,#,C:\customApps\ClipZipShip\working\QSC_Extracted_Data_20241116_091529762538-17764\data.gdb\Place_names_gazetteer,lga_name,0,64;comments "comments" true true false 1600 Text 0 0,First,#,C:\customApps\ClipZipShip\working\QSC_Extracted_Data_20241116_091529762538-17764\data.gdb\Place_names_gazetteer,comments,0,1600;longitude "longitude" true true false 64 Text 0 0,First,#,C:\customApps\ClipZipShip\working\QSC_Extracted_Data_20241116_091529762538-17764\data.gdb\Place_names_gazetteer,longitude,0,64;latitude "latitude" true true false 64 Text 0 0,First,#,C:\customApps\ClipZipShip\working\QSC_Extracted_Data_20241116_091529762538-17764\data.gdb\Place_names_gazetteer,latitude,0,64;longitude_dd "longitude_dd" true true false 8 Double 0 0,First,#,C:\customApps\ClipZipShip\working\QSC_Extracted_Data_20241116_091529762538-17764\data.gdb\Place_names_gazetteer,longitude_dd,-1,-1;latitude_dd "latitude_dd" true true false 8 Double 0 0,First,#,C:\customApps\ClipZipShip\working\QSC_Extracted_Data_20241116_091529762538-17764\data.gdb\Place_names_gazetteer,latitude_dd,-1,-1;origin "origin" true true false 1600 Text 0 0,First,#,C:\customApps\ClipZipShip\working\QSC_Extracted_Data_20241116_091529762538-17764\data.gdb\Place_names_gazetteer,origin,0,1600;history "history" true true false 1600 Text 0 0,First,#,C:\customApps\ClipZipShip\working\QSC_Extracted_Data_20241116_091529762538-17764\data.gdb\Place_names_gazetteer,history,0,1600;links "links" true true false 1600 Text 0 0,First,#,C:\customApps\ClipZipShip\working\QSC_Extracted_Data_20241116_091529762538-17764\data.gdb\Place_names_gazetteer,links,0,1600" #</Process></lineage></DataProperties>
		<SyncDate>20241116</SyncDate>
		<SyncTime>09153800</SyncTime>
		<ModDate>20241116</ModDate>
		<ModTime>09153800</ModTime>
		<locales><locale language="eng" country="AU"/></locales>
		<scaleRange><minScale>150000000</minScale><maxScale>5000</maxScale></scaleRange>
	</Esri>
	<Binary></Binary>
	<mdLang><languageCode value="eng"/><countryCode value="USA" Sync="TRUE"/></mdLang>
	<mdChar><CharSetCd value="004"/></mdChar>
	<mdHrLv><ScopeCd value="005"/></mdHrLv>
	<mdHrLvName Sync="TRUE">dataset</mdHrLvName>
	<mdContact><rpIndName>Resources, Georesources, SI, SD, GD, LD, SSIO</rpIndName><rpOrgName>Department of Resources</rpOrgName><rpPosName>Senior Spatial Information Officer, Place names and Administrative Boundaries</rpPosName><rpCntInfo><cntAddress addressType=""><eMailAdd>QldPlaceNames@resources.qld.gov.au</eMailAdd></cntAddress></rpCntInfo><role><RoleCd value="007"/></role></mdContact>
	<mdDateSt Sync="TRUE">20241116</mdDateSt>
	<mdStanName>ArcGIS Metadata</mdStanName>
	<mdStanVer>1.0</mdStanVer>
	<distInfo><distributor><distorCont><rpIndName>Resources, Open Data</rpIndName><rpOrgName>Department of Resources</rpOrgName><rpPosName>Senior Product Officer</rpPosName><rpCntInfo><cntAddress addressType=""><eMailAdd>OpenData@resources.qld.gov.au</eMailAdd></cntAddress></rpCntInfo><role><RoleCd value="005"/></role></distorCont><distorFormat><formatName>Queensland Spatial Catalogue</formatName><formatVer>2.0</formatVer><formatSpec>SHP, TAB, FGDB, KMZ</formatSpec></distorFormat><distorTran><unitsODist>Whole of dataset, although clipped areas are available through QSpatial</unitsODist><transSize>3</transSize></distorTran></distributor><distFormat><formatName Sync="TRUE">Shapefile</formatName></distFormat><distTranOps><transSize Sync="TRUE">0.000</transSize></distTranOps></distInfo>
	<dataIdInfo><idCitation><resTitle>Place names gazetteer - Queensland </resTitle><date><pubDate>2023-10-17</pubDate></date><citRespParty><rpIndName>Resources, Georesources, SI, ED</rpIndName><rpOrgName>Department of Resources</rpOrgName><rpPosName>Executive Director, Spatial Information</rpPosName><role><RoleCd value="002"/></role></citRespParty><citRespParty><rpIndName>Resources, Georesources, SI, ED</rpIndName><rpOrgName>Department of Resources</rpOrgName><rpPosName>Executive Director, Spatial Information</rpPosName><role><RoleCd value="001"/></role></citRespParty><citRespParty><rpIndName>Resources, Georesources, SI, SD, GD, LD, SSIO</rpIndName><rpOrgName>Department of Resources</rpOrgName><rpPosName>Senior Spatial Information Officer, Place names and Administrative Boundaries</rpPosName><rpCntInfo><cntAddress><eMailAdd>QldPlaceNames@resources.qld.gov.au</eMailAdd></cntAddress></rpCntInfo><role><RoleCd value="007"/></role></citRespParty><citRespParty><rpIndName>Resources, Georesources, SI, SD, Director</rpIndName><rpOrgName>Department of Resources</rpOrgName><rpPosName>Director, Spatial Data</rpPosName><role><RoleCd value="008"/></role></citRespParty><citRespParty><rpIndName>Resources, Georesources, SI, SD, GD, LD, SSIO</rpIndName><rpOrgName>Department of Resources</rpOrgName><rpPosName>Senior Spatial Information Officer, Place names and Administrative Boundaries</rpPosName><rpCntInfo><cntAddress><eMailAdd>QldPlaceNames@resources.qld.gov.au</eMailAdd></cntAddress></rpCntInfo><role><RoleCd value="006"/></role></citRespParty><presForm><PresFormCd value="011"/></presForm></idCitation><idAbs>&lt;DIV STYLE="text-align:Left;"&gt;&lt;DIV&gt;&lt;DIV&gt;&lt;P&gt;&lt;SPAN&gt;The Place Names Gazetteer dataset is an extract from the Place Names Database (PNDB) and each place name is represented as a point of latitude and longitude. &lt;/SPAN&gt;&lt;/P&gt;&lt;/DIV&gt;&lt;/DIV&gt;&lt;/DIV&gt;</idAbs><idPurp>Displays place names within Queensland. Intended scale use 250000 or greater.</idPurp><idCredit>© State of Queensland (Department of Resources), 2023</idCredit><idStatus><ProgCd value="001"/></idStatus><idPoC><rpIndName>Resources, Georesources, SI, SD, GD, LD, SSIO</rpIndName><rpOrgName>Department of Resources</rpOrgName><rpPosName>Senior Spatial Information Officer, Place names and Administrative Boundaries</rpPosName><rpCntInfo><cntAddress addressType=""><eMailAdd>QldPlaceNames@resources.qld.gov.au</eMailAdd></cntAddress></rpCntInfo><role><RoleCd value="007"/></role></idPoC><resMaint><maintFreq><MaintFreqCd value="001"/></maintFreq></resMaint><placeKeys><thesaName><resTitle>Common Place Name</resTitle><date><pubDate>2015-06-30</pubDate></date></thesaName><keyword>Queensland</keyword></placeKeys><themeKeys><thesaName><resTitle>ANZLIC Search Words</resTitle><date><pubDate>2007-08-01</pubDate></date></thesaName><keyword>HUMAN ENVIRONMENT Planning, LAND, LAND Geography, HERITAGE</keyword></themeKeys><searchKeys><keyword>Queensland</keyword><keyword>HUMAN ENVIRONMENT Planning</keyword><keyword>LAND</keyword><keyword>LAND Geography</keyword><keyword>HERITAGE</keyword><keyword>Place Names</keyword><keyword>Gazetteer</keyword></searchKeys><resConst><Consts><useLimit>&lt;DIV STYLE="text-align:Left;"&gt;&lt;DIV&gt;&lt;DIV&gt;&lt;P&gt;&lt;SPAN&gt;The place names database is regarded as the point of truth for the location and official name of places with the State of Queensland.&lt;/SPAN&gt;&lt;/P&gt;&lt;/DIV&gt;&lt;/DIV&gt;&lt;/DIV&gt;</useLimit></Consts></resConst><resConst><LegConsts><useLimit>Dataset is wholly created and owned by the Department of Resources for the State of Queensland.</useLimit><useLimit>This material is licensed under a Creative Commons - Attribution 4.0 International licence. 

Creative Commons License

The Department of Resources requests attribution in the following manner:

© State of Queensland (Department of Resources) 2023.
</useLimit><useConsts><RestrictCd value="006"/></useConsts></LegConsts></resConst><resConst><SecConsts><class><ClasscationCd value="001"/></class><userNote>Unrestricted to all levels of government and community. Data is available to all government agencies, community groups and individuals. Dataset is available through physical supply and may be made available via web delivery tools, for example, through DoR's internet sites.</userNote><classSys>ISO 19115 (mapped from Qld Govt Information Security Standard IS18)</classSys></SecConsts></resConst><spatRpType><SpatRepTypCd value="001"/></spatRpType><dataLang><languageCode value="eng"/><countryCode value="USA" Sync="TRUE"/></dataLang><dataChar><CharSetCd value="004"/></dataChar><envirDesc Sync="TRUE">Microsoft Windows Server 2012 Version 6.2 (Build 9200) ; Esri ArcGIS 12.9.0.31720</envirDesc><dataExt><geoEle><GeoBndBox><exTypeCode>true</exTypeCode><westBL>137.99917</westBL><eastBL>155.614339</eastBL><southBL>-29.183333</southBL><northBL>-9.1425</northBL></GeoBndBox></geoEle></dataExt><suppInfo>The data was compiled from the following sources: cadastral and topographic maps, Place Names Card File, Queensland Government Gazettes, Queensland Place Names (QPN) Plans. The Queensland Government has a legislative requirement under the Place Names Act 1994 to record approved place names within Queensland. Under the Act, all approved place names are to be recorded in the Gazetteer. The Act defines "place" as an area or geographical feature (whether natural or artificial). However, a `place` does not include: a) a road within the meaning of the Transport Operations (Road Use Management Act) 1995 b) a canal associated with residential or commercial development c) a building or similar structure d) a dam wall or similar structure e) a local government area or a division or ward of a local government area f) an electoral district under the Electoral Act 1992 g) another place prescribed by regulation.</suppInfo><dataExt><geoEle><GeoBndBox esriExtentType="search"><exTypeCode Sync="TRUE">1</exTypeCode><westBL Sync="TRUE">137.999170</westBL><eastBL Sync="TRUE">153.555278</eastBL><northBL Sync="TRUE">-9.142500</northBL><southBL Sync="TRUE">-29.183333</southBL></GeoBndBox></geoEle></dataExt><tpCat><TopicCatCd value="007"/></tpCat><tpCat><TopicCatCd value="013"/></tpCat><tpCat><TopicCatCd value="015"/></tpCat></dataIdInfo>
	<mdMaint><maintFreq><MaintFreqCd value="001"/></maintFreq></mdMaint>
	<mdConst><SecConsts><useLimit>Public</useLimit><class><ClasscationCd value="001"/></class><classSys>Metadata Access Level</classSys></SecConsts></mdConst>
	<dqInfo><dqScope><scpLvl><ScopeCd value="005"/></scpLvl></dqScope><report type="DQCompOm" dimension=""><measDesc>Information is added from Queensland Government Gazettes and other approved sources in accordance with the Place Names Act, 1994.</measDesc><measResult><ConResult><conSpec><resTitle>Department of Resources data capture process</resTitle><date><pubDate>2016-08-30</pubDate></date></conSpec><conExpl>The data is to a standard determined as fit for the purpose for which it was collected.</conExpl><conPass>true</conPass></ConResult></measResult></report><report type="DQAbsExtPosAcc" dimension=""><measDesc>Coordinates for place names previously recorded by the Place Names Card File system are shown to the nearest minute of latitude and longitude. The upgraded and new records have coordinates recorded to the nearest second of latitude and longitude. For linear features such as watercourses and gullies, the point relates to the mouth or confluence.</measDesc><measResult><ConResult><conSpec><resTitle>Department of Resources data capture process</resTitle><date><pubDate>2016-08-30</pubDate></date></conSpec><conExpl>The data is to a standard determined as fit for the purpose for which it was collected.</conExpl><conPass>true</conPass></ConResult></measResult></report><report type="DQConcConsis" dimension=""><measDesc>All Place Names are represented as a point of Latitude and Longitude.</measDesc><measResult><ConResult><conSpec><resTitle>Department of Resources data capture process</resTitle><date><pubDate>2016-08-30</pubDate></date></conSpec><conExpl>The data is to a standard determined as fit for the purpose for which it was collected.</conExpl><conPass>true</conPass></ConResult></measResult></report><report type="DQQuanAttAcc" dimension=""><measDesc>Information fields include: Reference Number (system generated) Place Name Alternative Name Place type Latitude Longitude Local Government Area.</measDesc><measResult><ConResult><conSpec><resTitle>Department of Resources data capture process</resTitle><date><pubDate>2016-08-30</pubDate></date></conSpec><conExpl>The data is to a standard determined as fit for the purpose for which it was collected.</conExpl><conPass>true</conPass></ConResult></measResult></report><dataLineage><statement>The Place Names dataset contains all place features from the Place Names Database (PNDB) and each place name is represented as a point of latitude and longitude. The data was compiled from the following sources: cadastral and topographic maps, Place Names Card File, Queensland Government Gazettes, Queensland Place Names (QPN) Plans.</statement><dataSource type=""><srcDesc>Cadastral and topographic maps, Place Names Card File, Queensland Government Gazettes, Queensland Place Names (QPN) Plans</srcDesc></dataSource><prcStep><stepDesc>2023 Data Migration:
The Place Names database (PNDB) was transitioned from a non-spatial RDBMS to an ArcGIS Enterprise geodatabase in late 2023. The data schema and subsequent migration was undertaken using a combination of automated processing steps with FME workbenches and Python scripts. The data migration was validated using FME to ensure that all place name records and associated attributes were successfully replicated in the ArcGIS Enterprise geodatabase. The migration process transitioned the PNDB from GDA94 to GDA2020. The degradation of spatial accuracy of the new PNDB is less than 2 metres.


</stepDesc><stepRat>This dataset is GDA2020 compatible. The datum of the source data used to capture place name locations is dependent on the time of collection and will range from AGD66 to GDA2020. All coordinates for locations collected from 02 February 2020 use GDA2020. This dataset has been nominated as a low-accuracy GDA2020 dataset as this data has not been directly captured in GDA2020, the resulting data is 'GDA2020 Compatible' not 'GDA2020 Compliant'.
</stepRat><stepDateTm>2023-10-17T00:00:00</stepDateTm><stepProc><rpIndName>Resources, Georesources, Spatial Information, Spatial Data, Location Data</rpIndName><rpOrgName>Department of Resources</rpOrgName><rpPosName>Senior Spatial Information Officer, Location Data, Place names and Administrative Boundaries</rpPosName><role><RoleCd value="007"/></role></stepProc></prcStep></dataLineage></dqInfo>
	<spatRepInfo><VectSpatRep><geometObjs Name="Place_names_gazetteer"><geoObjTyp><GeoObjTypCd value="004" Sync="TRUE"></GeoObjTypCd></geoObjTyp><geoObjCnt Sync="TRUE">0</geoObjCnt></geometObjs><topLvl><TopoLevCd value="001" Sync="TRUE"></TopoLevCd></topLvl></VectSpatRep></spatRepInfo>
	<refSysInfo><RefSystem><refSysID><identCode code="7844"/><idCodeSpace Sync="TRUE">EPSG</idCodeSpace><identVrsn>8.9.4(10.5.0)</identVrsn><idVersion Sync="TRUE">8.9.4(10.5.0)</idVersion></refSysID></RefSystem></refSysInfo>
	<eainfo><detailed Name="Place_names_gazetteer"><enttyp><enttypl Sync="TRUE">Place_names_gazetteer</enttypl><enttypt Sync="TRUE">Feature Class</enttypt><enttypc Sync="TRUE">0</enttypc></enttyp><attr><attrlabl Sync="TRUE">FID</attrlabl><attalias Sync="TRUE">FID</attalias><attrtype Sync="TRUE">OID</attrtype><attwidth Sync="TRUE">4</attwidth><atprecis Sync="TRUE">0</atprecis><attscale Sync="TRUE">0</attscale><attrdef Sync="TRUE">Internal feature number.</attrdef><attrdefs Sync="TRUE">Esri</attrdefs><attrdomv><udom Sync="TRUE">Sequential unique whole numbers that are automatically generated.</udom></attrdomv></attr><attr><attrlabl Sync="TRUE">shape</attrlabl><attalias Sync="TRUE">Shape</attalias><attrtype Sync="TRUE">Geometry</attrtype><attwidth Sync="TRUE">0</attwidth><atprecis Sync="TRUE">0</atprecis><attscale Sync="TRUE">0</attscale><attrdef Sync="TRUE">Feature geometry.</attrdef><attrdefs Sync="TRUE">Esri</attrdefs><attrdomv><udom Sync="TRUE">Coordinates defining the features.</udom></attrdomv></attr><attr><attrlabl Sync="TRUE">ref_no</attrlabl><attalias Sync="TRUE">ref_no</attalias><attrtype Sync="TRUE">Integer</attrtype><attwidth Sync="TRUE">10</attwidth><atprecis Sync="TRUE">10</atprecis><attscale Sync="TRUE">0</attscale><attrdef>Reference number identifier of the place name record.</attrdef><attrdefs>Department of Resources</attrdefs></attr><attr><attrlabl Sync="TRUE">place_name</attrlabl><attalias Sync="TRUE">place_name</attalias><attrtype Sync="TRUE">String</attrtype><attwidth Sync="TRUE">254</attwidth><atprecis Sync="TRUE">0</atprecis><attscale Sync="TRUE">0</attscale><attrdef>Name of the place.
</attrdef><attrdefs>Department of Resources</attrdefs></attr><attr><attrlabl Sync="TRUE">alt_name</attrlabl><attalias Sync="TRUE">alt_name</attalias><attrtype Sync="TRUE">String</attrtype><attwidth Sync="TRUE">254</attwidth><atprecis Sync="TRUE">0</atprecis><attscale Sync="TRUE">0</attscale><attrdef>Indigenous name of a place.</attrdef><attrdefs>Department of Resources</attrdefs></attr><attr><attrlabl Sync="TRUE">type</attrlabl><attalias Sync="TRUE">type</attalias><attrtype Sync="TRUE">String</attrtype><attwidth Sync="TRUE">6</attwidth><atprecis Sync="TRUE">0</atprecis><attscale Sync="TRUE">0</attscale><attrdef>Type of place.</attrdef><attrdefs>Department of Resources</attrdefs></attr><attr><attrlabl Sync="TRUE">descriptio</attrlabl><attalias Sync="TRUE">descriptio</attalias><attrtype Sync="TRUE">String</attrtype><attwidth Sync="TRUE">50</attwidth><atprecis Sync="TRUE">0</atprecis><attscale Sync="TRUE">0</attscale></attr><attr><attrlabl Sync="TRUE">status</attrlabl><attalias Sync="TRUE">status</attalias><attrtype Sync="TRUE">String</attrtype><attwidth Sync="TRUE">1</attwidth><atprecis Sync="TRUE">0</atprecis><attscale Sync="TRUE">0</attscale><attrdef>Status of the place name.</attrdef><attrdefs>Department of Resources</attrdefs></attr><attr><attrlabl Sync="TRUE">currency</attrlabl><attalias Sync="TRUE">currency</attalias><attrtype Sync="TRUE">String</attrtype><attwidth Sync="TRUE">1</attwidth><atprecis Sync="TRUE">0</atprecis><attscale Sync="TRUE">0</attscale><attrdef>Currency of the place name.</attrdef><attrdefs>Department of Resources</attrdefs></attr><attr><attrlabl Sync="TRUE">gazetted_d</attrlabl><attalias Sync="TRUE">gazetted_d</attalias><attrtype Sync="TRUE">Date</attrtype><attwidth Sync="TRUE">8</attwidth><atprecis Sync="TRUE">0</atprecis><attscale Sync="TRUE">0</attscale></attr><attr><attrlabl Sync="TRUE">gazette_pa</attrlabl><attalias Sync="TRUE">gazette_pa</attalias><attrtype Sync="TRUE">Double</attrtype><attwidth Sync="TRUE">19</attwidth><atprecis Sync="TRUE">0</atprecis><attscale Sync="TRUE">0</attscale></attr><attr><attrlabl Sync="TRUE">plan_no</attrlabl><attalias Sync="TRUE">plan_no</attalias><attrtype Sync="TRUE">String</attrtype><attwidth Sync="TRUE">10</attwidth><atprecis Sync="TRUE">0</atprecis><attscale Sync="TRUE">0</attscale><attrdef>Queensland Place Names (QPN) plan number which shows the location of the geographic feature, or defines the boundaries of localities or suburbs.</attrdef><attrdefs>Department of Resources</attrdefs></attr><attr><attrlabl Sync="TRUE">modified_d</attrlabl><attalias Sync="TRUE">modified_d</attalias><attrtype Sync="TRUE">Date</attrtype><attwidth Sync="TRUE">8</attwidth><atprecis Sync="TRUE">0</atprecis><attscale Sync="TRUE">0</attscale></attr><attr><attrlabl Sync="TRUE">lga_name</attrlabl><attalias Sync="TRUE">lga_name</attalias><attrtype Sync="TRUE">String</attrtype><attwidth Sync="TRUE">64</attwidth><atprecis Sync="TRUE">0</atprecis><attscale Sync="TRUE">0</attscale><attrdef>The Queensland Local Government Area the Place Name is within, excluding class of the lga, derived via spatial intersect with the Queensland Local Government Boundaries dataset.</attrdef><attrdefs>Department of Resources</attrdefs></attr><attr><attrlabl Sync="TRUE">comments</attrlabl><attalias Sync="TRUE">comments</attalias><attrtype Sync="TRUE">String</attrtype><attwidth Sync="TRUE">254</attwidth><atprecis Sync="TRUE">0</atprecis><attscale Sync="TRUE">0</attscale><attrdef>Additional information about the place name.</attrdef><attrdefs>Department of Resources</attrdefs></attr><attr><attrlabl Sync="TRUE">longitude</attrlabl><attalias Sync="TRUE">longitude</attalias><attrtype Sync="TRUE">String</attrtype><attwidth Sync="TRUE">64</attwidth><atprecis Sync="TRUE">0</atprecis><attscale Sync="TRUE">0</attscale><attrdef>Longitude coordinate in degrees, minutes, seconds of the approximate location of the place (in coordinate system EPSG:7844) 
</attrdef><attrdefs>Department of Resources</attrdefs></attr><attr><attrlabl Sync="TRUE">latitude</attrlabl><attalias Sync="TRUE">latitude</attalias><attrtype Sync="TRUE">String</attrtype><attwidth Sync="TRUE">64</attwidth><atprecis Sync="TRUE">0</atprecis><attscale Sync="TRUE">0</attscale><attrdef>Latitude coordinate in degrees, minutes, seconds of the approximate location of the place (in coordinate system EPSG:7844) 
</attrdef><attrdefs>Department of Resources</attrdefs></attr><attr><attrlabl Sync="TRUE">longitude_</attrlabl><attalias Sync="TRUE">longitude_</attalias><attrtype Sync="TRUE">Double</attrtype><attwidth Sync="TRUE">19</attwidth><atprecis Sync="TRUE">0</atprecis><attscale Sync="TRUE">0</attscale></attr><attr><attrlabl Sync="TRUE">latitude_d</attrlabl><attalias Sync="TRUE">latitude_d</attalias><attrtype Sync="TRUE">Double</attrtype><attwidth Sync="TRUE">19</attwidth><atprecis Sync="TRUE">0</atprecis><attscale Sync="TRUE">0</attscale></attr><attr><attrlabl Sync="TRUE">origin</attrlabl><attalias Sync="TRUE">origin</attalias><attrtype Sync="TRUE">String</attrtype><attwidth Sync="TRUE">254</attwidth><atprecis Sync="TRUE">0</atprecis><attscale Sync="TRUE">0</attscale><attrdef>Information about the origins or derivation of the place name, if known.
</attrdef><attrdefs>Department of Resources</attrdefs></attr><attr><attrlabl Sync="TRUE">history</attrlabl><attalias Sync="TRUE">history</attalias><attrtype Sync="TRUE">String</attrtype><attwidth Sync="TRUE">254</attwidth><atprecis Sync="TRUE">0</atprecis><attscale Sync="TRUE">0</attscale><attrdef>Description of the naming actions that have occurred over time, if known.</attrdef><attrdefs>Department of Resources</attrdefs></attr><attr><attrlabl Sync="TRUE">links</attrlabl><attalias Sync="TRUE">links</attalias><attrtype Sync="TRUE">String</attrtype><attwidth Sync="TRUE">254</attwidth><atprecis Sync="TRUE">0</atprecis><attscale Sync="TRUE">0</attscale><attrdef>Links to associated resources such as maps, plans, articles or other resources not maintained by the place names team. Multiple links are formatted in a comma separated list of URLs and resource descriptions i.e. Link 1: www.link1.com, Link 2: www.link2.com</attrdef><attrdefs>Department of Resources</attrdefs></attr></detailed></eainfo>
	<spdoinfo><ptvctinf><esriterm Name="Place_names_gazetteer"><efeatyp Sync="TRUE">Simple</efeatyp><efeageom code="1" Sync="TRUE"></efeageom><esritopo Sync="TRUE">FALSE</esritopo><efeacnt Sync="TRUE">0</efeacnt><spindex Sync="TRUE">FALSE</spindex><linrefer Sync="TRUE">FALSE</linrefer></esriterm></ptvctinf></spdoinfo></metadata>
