<?xml version="1.0" encoding="UTF-8" standalone="no"?>
<MD_Metadata xmlns="http://www.isotc211.org/2005/gmd" xmlns:gco="http://www.isotc211.org/2005/gco" xmlns:gmd="http://www.isotc211.org/2005/gmd" xmlns:gml="http://www.opengis.net/gml" xmlns:xlink="http://www.w3.org/1999/xlink" xmlns:xsi="http://www.w3.org/2001/XMLSchema-instance" xsi:schemaLocation="http://www.isotc211.org/2005/gmd http://www.isotc211.org/2005/gmd/gmd.xsd      http://www.opengis.net/gml http://www.isotc211.org/2005/gml/gml.xsd      http://www.w3.org/1999/xlink http://www.isotc211.org/2005/xlink/xlinks.xsd">
    <fileIdentifier>
        <gco:CharacterString>{DACC3722-B27E-5964-2269-93D85184806A}</gco:CharacterString>
    </fileIdentifier>
    <language>
        <gco:CharacterString>eng</gco:CharacterString>
    </language>
    <characterSet>
        <MD_CharacterSetCode codeList="http://www.isotc211.org/2005/resources/Codelist/gmxCodelists.xml#MD_CharacterSetCode" codeListValue="utf8"/>
    </characterSet>
    <parentIdentifier>
        <gco:CharacterString>x</gco:CharacterString>
    </parentIdentifier>
    <hierarchyLevel>
        <MD_ScopeCode codeList="http://www.isotc211.org/2005/resources/Codelist/gmxCodelists.xml#MD_ScopeCode" codeListValue="dataset">dataset</MD_ScopeCode>
    </hierarchyLevel>
    
    <contact>
        <CI_ResponsibleParty id="metadataContact">
            <organisationName>
                <gco:CharacterString>Department of Resources</gco:CharacterString>
            </organisationName>
            <positionName>
                <gco:CharacterString>Senior Products Officer</gco:CharacterString>
            </positionName>
            <contactInfo>
                <CI_Contact>
                    <phone>
                        <CI_Telephone>
                            <voice>
                                <gco:CharacterString>61 7 3330 4101</gco:CharacterString>
                            </voice>
                        </CI_Telephone>
                    </phone>
                    <address>
                        <CI_Address>
                            
                            
                            
                            
                            
                            <electronicMailAddress>
                                <gco:CharacterString>support@spatial-qld-support.atlassian.net</gco:CharacterString>
                            </electronicMailAddress>
                        </CI_Address>
                    </address>
                    
                </CI_Contact>
            </contactInfo>
            <role>
                <CI_RoleCode codeList="http://www.isotc211.org/2005/resources/Codelist/gmxCodelists.xml#CI_RoleCode" codeListValue="pointOfContact">pointOfContact</CI_RoleCode>
            </role>
        </CI_ResponsibleParty>
    </contact>
    <dateStamp>
        <gco:Date>2011-12-16</gco:Date>
    </dateStamp>
    <metadataStandardName>
        <gco:CharacterString>ISO 19115:2005, ANZLIC ISO 1.1</gco:CharacterString>
    </metadataStandardName>
    <metadataStandardVersion>
        <gco:CharacterString>QGIS</gco:CharacterString>
    </metadataStandardVersion>
    <referenceSystemInfo>
        <MD_ReferenceSystem id="coordRefSystem">
            <referenceSystemIdentifier>
                <RS_Identifier>
                    <authority>
                        <CI_Citation>
                            <title>
                                <gco:CharacterString>EPSG Geodetic Parameter
                                Dataset</gco:CharacterString>
                            </title>
                            <date>
                                <CI_Date>
                                    <date>
                                        <gco:Date>2007-07-16</gco:Date>
                                    </date>
                                    <dateType>
                                        <CI_DateTypeCode codeList="http://www.isotc211.org/2005/resources/Codelist/gmxCodelists.xml#CI_DateTypeCode" codeListValue="revision">revision </CI_DateTypeCode>
                                    </dateType>
                                </CI_Date>
                            </date>
                            <edition>
                                <gco:CharacterString>Version 6.13</gco:CharacterString>
                            </edition>
                        </CI_Citation>
                    </authority>
                    <code>
                        <gco:CharacterString>EPSG:4938</gco:CharacterString>
                    </code>
                </RS_Identifier>
            </referenceSystemIdentifier>
        </MD_ReferenceSystem>
    </referenceSystemInfo>
    
    
    
    <identificationInfo>
        <MD_DataIdentification>
            <citation>
                <CI_Citation>
                    <title>
                        <gco:CharacterString>Place names gazetteer - Queensland</gco:CharacterString>
                    </title>
                    <alternateTitle>
                        <gco:CharacterString>Place names gazetteer</gco:CharacterString>
                    </alternateTitle>
                    <date>
                        <CI_Date>
                            <date>
                                <gco:Date>2021-03-01</gco:Date>
                            </date>
                            <dateType>
                                <CI_DateTypeCode codeList="http://www.isotc211.org/2005/resources/Codelist/gmxCodelists.xml#CI_DateTypeCode" codeListValue="publication"/>
                            </dateType>
                        </CI_Date>
                    </date>
                    
                    
                    
                    <citedResponsibleParty>
                        <CI_ResponsibleParty id="resourceCustodian">
                            <organisationName>
                                <gco:CharacterString>Department of Resources</gco:CharacterString>
                            </organisationName>
                            <positionName>
                                <gco:CharacterString>Executive Director, Spatial Information</gco:CharacterString>
                            </positionName>
                            <contactInfo>
                                <CI_Contact>
                                    <onlineResource>
                                        <CI_OnlineResource>
                                            <linkage>
                                                <URL>http://www.qld.gov.au/environment/land/place-names/</URL>
                                            </linkage>
                                        </CI_OnlineResource>
                                    </onlineResource>                            
                                </CI_Contact>
                            </contactInfo>
                            <role>
                                <CI_RoleCode codeList="http://www.isotc211.org/2005/resources/Codelist/gmxCodelists.xml#CI_RoleCode" codeListValue="custodian">custodian</CI_RoleCode>
                            </role>
                        </CI_ResponsibleParty>
                    </citedResponsibleParty>
                    <citedResponsibleParty>
                        <CI_ResponsibleParty id="resourceOwner">
                            <organisationName>
                                <gco:CharacterString>Department of Resources</gco:CharacterString>
                            </organisationName>
                            <positionName>
                                <gco:CharacterString>Executive Director, Spatial Information</gco:CharacterString>
                            </positionName>
                            <role>
                                <CI_RoleCode codeList="http://www.isotc211.org/2005/resources/Codelist/gmxCodelists.xml#CI_RoleCode" codeListValue="owner">owner</CI_RoleCode>
                            </role>
                        </CI_ResponsibleParty>
                    </citedResponsibleParty>
                    
                    
                    
                    
                    <otherCitationDetails>
                        <gco:CharacterString>Queensland Place Names Act 1994</gco:CharacterString>
                    </otherCitationDetails>
                </CI_Citation>
            </citation>


            <abstract>
                <gco:CharacterString>This is the list of approved place names as per the Qld Place Names Act 1994. The gazetteer is extracted from the place names database (PNDB) where each place name is represented as a point of latitude and longitude. For further details see History-Lineage statement below. Additional information on Place Names can be found on the department's web site at http://www.qld.gov.au/environment/land/place-names/</gco:CharacterString>
            </abstract>
            <purpose>
                <gco:CharacterString>Display and research of approved place names within Queensland. Due to variable capture techniques the intended scale for display is 1:250000 or smaller.</gco:CharacterString>
            </purpose>
            <status>
                <MD_ProgressCode codeList="http://www.isotc211.org/2005/resources/Codelist/gmxCodelists.xml#MD_ProgressCode" codeListValue="onGoing">onGoing</MD_ProgressCode>
            </status>
            <pointOfContact>
                <CI_ResponsibleParty>
                    <organisationName>
                        <gco:CharacterString>Department of Resources</gco:CharacterString>
                    </organisationName>
                    <positionName>
                        <gco:CharacterString>Senior Spatial Information Officer</gco:CharacterString>
                    </positionName>
                    <contactInfo>
                        <CI_Contact>
                            <phone>
                                <CI_Telephone>
                                    <voice>
                                        <gco:CharacterString>61 7 3330 4101</gco:CharacterString>
                                    </voice>
                                </CI_Telephone>
                            </phone>
                            <address>
                                <CI_Address>
                                    
                                    
                                    
                                    
                                    
                                    <electronicMailAddress>
                                        <gco:CharacterString>support@spatial-qld-support.atlassian.net</gco:CharacterString>
                                    </electronicMailAddress>
                                </CI_Address>
                            </address>
                                                        
                        </CI_Contact>
                    </contactInfo>
                    <role>
                        <CI_RoleCode codeList="http://www.isotc211.org/2005/resources/Codelist/gmxCodelists.xml#CI_RoleCode" codeListValue="pointOfContact"/>
                    </role>
                </CI_ResponsibleParty>
            </pointOfContact>
            <resourceMaintenance>
                <MD_MaintenanceInformation>
                    <maintenanceAndUpdateFrequency>
                        <MD_MaintenanceFrequencyCode codeList="http://www.isotc211.org/2005/resources/Codelist/gmxCodelists.xml#MD_MaintenanceFrequencyCode" codeListValue="monthly"/>
                    </maintenanceAndUpdateFrequency>
                    
                </MD_MaintenanceInformation>
            </resourceMaintenance>
            
            <resourceFormat>
                <MD_Format>
                    <name>
                        <gco:CharacterString>SHP, TAB, FGDB, KMZ, GPKG</gco:CharacterString>
                    </name>
                    <version>
                        <gco:CharacterString>1</gco:CharacterString>
                    </version>
                </MD_Format>
            </resourceFormat>
            <descriptiveKeywords>
                <MD_Keywords id="ThemeAnzlicThesaurus">
                    <keyword>
                        <gco:CharacterString>LAND</gco:CharacterString>
                    </keyword>
                    <type>
                        <MD_KeywordTypeCode codeList="http://www.isotc211.org/2005/resources/Codelist/gmxCodelists.xml#MD_KeywordTypeCode" codeListValue="theme">theme</MD_KeywordTypeCode>
                    </type>
                    <thesaurusName>
                        <CI_Citation>
                            <title>
                                <gco:CharacterString>ANZLIC Search Words</gco:CharacterString>
                            </title>
                            <date>
                                <CI_Date>
                                    <date gco:nilReason="unknown"/>
                                    <dateType>
                                        <CI_DateTypeCode codeList="http://www.isotc211.org/2005/resources/Codelist/gmxCodelists.xml#CI_DateTypeCode" codeListValue="publication">publication</CI_DateTypeCode>
                                    </dateType>
                                </CI_Date>
                            </date>
                        </CI_Citation>
                    </thesaurusName>
                </MD_Keywords>
            </descriptiveKeywords>
            
            <descriptiveKeywords>
                <MD_Keywords id="ThemeOtherThesaurus">
                    <keyword>
                        <gco:CharacterString>place</gco:CharacterString>
                    </keyword>
<keyword>
                        <gco:CharacterString>names</gco:CharacterString>
                    </keyword>
<keyword>
                        <gco:CharacterString>placenames</gco:CharacterString>
                    </keyword>
<keyword>
                        <gco:CharacterString>naming</gco:CharacterString>
                    </keyword>
<keyword>
                        <gco:CharacterString>gazetteer</gco:CharacterString>
                    </keyword>
<keyword>
                        <gco:CharacterString>town</gco:CharacterString>
                    </keyword>
<keyword>
                        <gco:CharacterString>city</gco:CharacterString>
                    </keyword>
<keyword>
                        <gco:CharacterString>locality</gco:CharacterString>
                    </keyword>
<keyword>
                        <gco:CharacterString>suburb</gco:CharacterString>
                    </keyword>
<keyword>
                        <gco:CharacterString>stream</gco:CharacterString>
                    </keyword>
<keyword>
                        <gco:CharacterString>creek</gco:CharacterString>
                    </keyword>
<keyword>
                        <gco:CharacterString>river</gco:CharacterString>
                    </keyword>
<keyword>
                        <gco:CharacterString>mountain</gco:CharacterString>
                    </keyword>
<keyword>
                        <gco:CharacterString>bay</gco:CharacterString>
                    </keyword>
<keyword>
                        <gco:CharacterString>beach</gco:CharacterString>
                    </keyword>
<keyword>
                        <gco:CharacterString>waterfall</gco:CharacterString>
                    </keyword>
<keyword>
                        <gco:CharacterString>towns</gco:CharacterString>
                    </keyword>
<keyword>
                        <gco:CharacterString>cities</gco:CharacterString>
                    </keyword>
                    <type>
                        <MD_KeywordTypeCode codeList="http://www.isotc211.org/2005/resources/Codelist/gmxCodelists.xml#MD_KeywordTypeCode" codeListValue="theme">theme</MD_KeywordTypeCode>
                    </type>
                    <thesaurusName>
                        <CI_Citation>
                            <title>
                                <gco:CharacterString>common name</gco:CharacterString>
                            </title>
                            <date>
                                <CI_Date>
                                    <date gco:nilReason="unknown"/>
                                    <dateType>
                                        <CI_DateTypeCode codeList="http://www.isotc211.org/2005/resources/Codelist/gmxCodelists.xml#CI_DateTypeCode" codeListValue="publication">publication</CI_DateTypeCode>
                                    </dateType>
                                </CI_Date>
                            </date>
                            <otherCitationDetails>
                                <gco:CharacterString>Theme keywords input by metadata
                                publisher</gco:CharacterString>
                            </otherCitationDetails>
                        </CI_Citation>
                    </thesaurusName>
                </MD_Keywords>
            </descriptiveKeywords>
            
            <resourceConstraints>
                <MD_SecurityConstraints>
                    <useLimitation>
                        <gco:CharacterString>Unrestricted to all levels of government and the community. Dataset is available to all government, community groups and individuals.</gco:CharacterString>
                    </useLimitation>
                    <classification>
                        <MD_ClassificationCode codeList="http://www.isotc211.org/2005/resources/Codelist/gmxCodelists.xml#MD_ClassificationCode" codeListValue="unclassified">unclassified</MD_ClassificationCode>
                    </classification>
                    <classificationSystem>
                        <gco:CharacterString>Resource Access Level</gco:CharacterString>
                    </classificationSystem>
                </MD_SecurityConstraints>
            </resourceConstraints>
            <resourceConstraints>
                <MD_LegalConstraints>
                    <useLimitation>
                        <gco:CharacterString>&amp;copy State of Queensland (Department of Resources) 2023</gco:CharacterString>
                    </useLimitation>
                    <useConstraints>
                        <MD_RestrictionCode codeList="http://www.isotc211.org/2005/resources/Codelist/gmxCodelists.xml#MD_RestrictionCode" codeListValue="copyright">copyright</MD_RestrictionCode>
                    </useConstraints>
                </MD_LegalConstraints>
            </resourceConstraints>
            <resourceConstraints>
                <MD_LegalConstraints>
                    <useLimitation>
                        <gco:CharacterString>This material is licensed under a &lt;a rel="license" href="http://creativecommons.org/licenses/by/4.0/"&gt;Creative Commons - Attribution 4.0 International&lt;/a&gt; licence.&lt;br /&gt; &lt;a rel="license" href="http://creativecommons.org/licenses/by/4.0/"&gt;&lt;img alt="Creative Commons License" title="Creative Commons - Attribution 4.0 International License" style="border: 0;" src="https://licensebuttons.net/l/by/4.0/88x31.png" /&gt;&lt;/a&gt;&lt;br /&gt; The Department of Resourcesrequests attribution in the following manner:&lt;br/&gt;&amp;copy State of Queensland (Department of Resources) 2023. Updated data available at http://qldspatial.information.qld.gov.au/catalogue//</gco:CharacterString>
                    </useLimitation>
                    <useConstraints>
                        <MD_RestrictionCode codeList="http://www.isotc211.org/2005/resources/Codelist/gmxCodelists.xml#MD_RestrictionCode" codeListValue="license">license</MD_RestrictionCode>
                    </useConstraints>
                </MD_LegalConstraints>
            </resourceConstraints>
            
            
            
            <resourceConstraints>
                <MD_LegalConstraints>
                    <useConstraints>
                        <MD_RestrictionCode codeList="http://www.isotc211.org/2005/resources/Codelist/gmxCodelists.xml#MD_RestrictionCode" codeListValue="otherRestrictions">otherRestrictions</MD_RestrictionCode>
                    </useConstraints>
                    <otherConstraints>
                        <gco:CharacterString>Dataset is wholly created and owned by Natural Resources and Mines for the State of Queensland.While every care is taken to ensure the accuracy of this information, the Department of Resources makes no representations or warranties about its accuracy, reliability, completeness or suitability for any particular purpose and disclaims all responsibility and all liability (including without limitation, liability in negligence) for all expenses, losses, damages (including indirect or consequential damage) and costs which might be incured as a result of the information being inaccurate or incomplete in any way and for any reason.</gco:CharacterString>
                    </otherConstraints>
                </MD_LegalConstraints>
            </resourceConstraints>
            <aggregationInfo>
                <MD_AggregateInformation>
                    <aggregateDataSetIdentifier>
                        <MD_Identifier>
                            <code>
                                <gco:CharacterString>BUILT.QLD_PLACE_NAMES_GAZETTEER</gco:CharacterString>
                            </code>
                        </MD_Identifier>
                    </aggregateDataSetIdentifier>
                    <associationType>
                        <DS_AssociationTypeCode codeList="http://www.isotc211.org/2005/resources/Codelist/gmxCodelists.xml#DS_AssociationTypeCode" codeListValue="source">source</DS_AssociationTypeCode>
                    </associationType>
                </MD_AggregateInformation>
            </aggregationInfo>
            <spatialRepresentationType>
                <MD_SpatialRepresentationTypeCode codeList="http://www.isotc211.org/2005/resources/Codelist/gmxCodelists.xml#MD_SpatialRepresentationTypeCode" codeListValue="vector">vector</MD_SpatialRepresentationTypeCode>
            </spatialRepresentationType>
            
            <language>
                <gco:CharacterString>eng</gco:CharacterString>
            </language>
            <characterSet gco:nilReason="unknown"/>
            <topicCategory>
                <MD_TopicCategoryCode>location</MD_TopicCategoryCode>
            </topicCategory>
            <environmentDescription>
                <gco:CharacterString>Spatial Information Resource</gco:CharacterString>
            </environmentDescription>
            <extent>
                <EX_Extent>
                    <geographicElement>
                        <EX_GeographicBoundingBox>
                            <westBoundLongitude>
                                <gco:Decimal>138.018</gco:Decimal>
                            </westBoundLongitude>
                            <eastBoundLongitude>
                                <gco:Decimal>153.984</gco:Decimal>
                            </eastBoundLongitude>
                            <southBoundLatitude>
                                <gco:Decimal>-29.182</gco:Decimal>
                            </southBoundLatitude>
                            <northBoundLatitude>
                                <gco:Decimal>-9.131</gco:Decimal>
                            </northBoundLatitude>
                        </EX_GeographicBoundingBox>
                    </geographicElement>
                    
                    
                    <temporalElement>
                        <EX_TemporalExtent>
                            <extent>
                                <gml:TimePeriod frame="#ISO-8601" gml:id="timePeriod1">
                                    <gml:beginPosition indeterminatePosition="unknown">1958</gml:beginPosition>
                                    <gml:endPosition>2015</gml:endPosition>
                                </gml:TimePeriod>
                            </extent>
                        </EX_TemporalExtent>
                    </temporalElement>
                </EX_Extent>
            </extent>
            <supplementalInformation>
                <gco:CharacterString>Place Type abbreviations:&#13;
AF Airfield, Landing Ground&#13;
ANCH Anchorage&#13;
BANK Bank - Marine&#13;
BAR Bar&#13;
BAY Bay  &#13;
BCH Beach&#13;
CAPE Cape &#13;
CAVE Cave &#13;
CAY Cay &#13;
CHAN Channel &#13;
CLIF Cliff, Bluff, Precipice &#13;
CNR Corner&#13;
CNTY County &#13;
COVE Cove, Inlet &#13;
DAM Dam &#13;
DI District &#13;
DUNE Mound, Ridge, Hill or Blow of drifted sand &#13;
DSRT Desert &#13;
ENTR Entrance&#13;
ESCP Escarpment&#13;
FORD Ford &#13;
FRST State Forest, Forest Reserve &#13;
GORG Gorge, Ravine, Chasm, Canyon&#13;
GULF Gulf &#13;
GLLY Gully &#13;
HBR Harbour, Haven &#13;
HILL Hill, Butte, Knoll, Knob &#13;
INLT Inlet&#13;
IS Island&#13;
ISX Island - feature appears absent&#13;
ISG Island Group&#13;
ISTH Isthmus&#13;
LAGN Lagoon &#13;
LAKE Lake, Billabong &#13;
LNDG Landing Place &#13;
LOCB Locality Bounded&#13;
LOCU Locality Unbounded, Pocket &#13;
LOOK Lookout &#13;
MT Mountain &#13;
MTX Mountain - feature no longer exists&#13;
MTS Mountains, Range &#13;
NBHD Neighbourhood&#13;
PAN - Pan&#13;
PAR Park&#13;
PARK National Park, Resources, Reserve, Conservation Park &#13;
PASG Passage&#13;
PASS Pass&#13;
PAST Pastoral district&#13;
PEAK Mountain Peak &#13;
PEAX Mountain Peak - feature no longer exists&#13;
PEN Peninsula &#13;
PL Plateau, Tableland &#13;
PLN Flat, Plain, Downs, Prairie &#13;
POCK Pocket&#13;
POND Pond (no longer used - refer WTRH)&#13;
POOL Pool (no longer used - refer WTRH)&#13;
POPL City, Town, Township &#13;
POPX City, Town, Township - feature appears absent &#13;
PORT Port &#13;
PRSH Parish &#13;
PT Point&#13;
RAP Rapids&#13;
RAV Ravine, Gorge (no longer in use - refer GORG) &#13;
RCH Reach &#13;
REEF Reef &#13;
RDGE Ridge, Spur &#13;
RES Reservoir &#13;
RH Rockhole, GnammaHole &#13;
ROCK Rock &#13;
RSID Siding&#13;
RSTN Rail Station&#13;
RSTX Rail Station - feature no longer exists&#13;
SCRB Scrub&#13;
SHOL Shoal&#13;
SITE Historical site &#13;
SND Sound &#13;
SOAK Soak, Native Well  &#13;
SPIT Sand spit &#13;
SPRG Spring &#13;
SPUR Spur (no longer used - refer RDGE)&#13;
STAT State&#13;
STR Strait (no longer used - refer PASS)&#13;
STRM Watercourse&#13;
SUB Suburb &#13;
SWP Swamp, Marsh &#13;
VAL Valley &#13;
WEIR Weir &#13;
WOOD Wood, Scrub, Thicket &#13;
WRFL Waterfall, Cataract &#13;
WTRH Waterhole, Pool.&#13;
Due to the long and varied nature of data capture the place names database is under ongoing review to ensure these feature codes are adequate, consistent and accurately assigned. Any new codes or major changes relating to feature codes will be incorporated into the code list above and appended to the progress list below.&#13;
- from March 2014 lookouts will have the code LOOK (previously LOCU or HILL)&#13;
- new code STAT (State) added 26/11/2015&#13;
- from March 2017 neighbourhood names will have the code NBHD (previously LOCU)&#13;
-from April 2017 populated place names, where it appears there's no physical on ground feature, will be recorded against the code POPX &#13;
- from April 2017 island names, where it appears there's no longer a physical feature present, will be recorded against the code ISX&#13;
-from May 2017 corner names will have the code CNR(previously LOCU)&#13;
- BGHT (bight) removed 05/05/2017. Code was not used - bights are classed as either bays or gulfs dependant on size.&#13;
- features with code RAV (ravine, gorge)changed to GORG (gorge, ravine, chasm, canyon) 28/09/2017&#13;
- features with code SPUR (spur) changed to RDEG (ridge, spur) 28/09/2017&#13;
- features with code STR (strait) changed to a new code PASG (passage) 28/09/2017&#13;
- marine passages and mountain passes are currently grouped together. From 29/09/2017 marine passages will be code PASG and only mountain passes and gaps will remain in code PASS&#13;
- 28/09/2017 Codes SPAN (saltpan) and CLAY (claypan, clayhole, claypit) discontinued and all names combined into new code PAN (pan).&#13;
- 29/09/2017 created a new class SCRB (scrub)&#13;
-29/09/2017 POOL (pool) and POND (pond) will no longer be used. These feature types with be grouped under WTRH (waterhole)&#13;
- from 29/09/2017 inlets will be recorded against the code INLT (Inlet), rather than being grouped with coves or bays.&#13;
- from 29/09/2017 headlands will be recorded against code CAPE (cape), rather than PT (point).&#13;
- on 05/10/2017 pastoral districts were separated from other types of districts. Code is now PAST rather than DI.&#13;
- Gullies have been variable coded as either GLLY (gully) or STRM (anabranch creek gully river etc). From 05/10/2017 all names with code GLLY will be changed to code STRM and the GLLY code will be discontinued.&#13;
- From 06/10/2017 island groups will be separated from islands and relevant names will be changed from code IS to code ISG&#13;
- 06/10/2017 added new feature type for Park (PAR) as distinct from National Park (PARK)&#13;
- 06/10/2017 added new code for siding (RSID) to separate them from rail stations (RSTN).&#13;
- From 09/10/2017 pockets will be separated from unbounded localities and relevant features will have their code changed from LOCU to POCK.&#13;
- From 17/01/2018 rapids will be separated from waterfalls and relevant features will have their code changed from WRFL to RAP.&#13;
- from 1/02/2018 mountain names, where it appears there's no longer a physical feature on the ground, will be recorded against the code MTX.&#13;
- from 1/02/2018 mountain peak names, where it appears there's no longer a physical feature on the ground, will be recorded against the code PEAX.&#13;
-05/03/2018 added a new code of BAR, separate to BANK.&#13;
- Code STRM has been previously describe as "Anabranch, Creek, Gully, Brook, River". From 08/03/2018 the description will be summarised as "Watercourse".&#13;
- From 28/11/2018 craters will be separated from unbounded localities and relevant features will have their code changed from LOCU to CRAT.&#13;
- From 27/02/2019 Rail Station names, where it appears there's no longer a physical feature on the ground, will be recorded against the new code RSTX. Some of these are currently recorded with LOCU codes. These will be changed to RSTX as they are discovered.&#13;
-05/09/2023 added a new code of ESCP (Escarpment: The steep slope terminating a PLATEAU or any level or upland surface.)</gco:CharacterString>
            </supplementalInformation>
        </MD_DataIdentification>
    </identificationInfo>
    <distributionInfo>
        <MD_Distribution>
            <distributionFormat>
                <MD_Format id="DownloadService">
                    <name>
                        <gco:CharacterString>Queensland Spatial Catalogue</gco:CharacterString>
                    </name>
                    <version gco:nilReason="inapplicable"/>
                    <specification>
                        <gco:CharacterString>Download Service</gco:CharacterString>
                    </specification>
                    <formatDistributor>
                        <MD_Distributor>
                            <distributorContact>
                                <CI_ResponsibleParty>
                                    <organisationName>
                                        <gco:CharacterString>Department of Resources</gco:CharacterString>
                                    </organisationName>
                                    <role>
                                        <CI_RoleCode codeList="http://www.isotc211.org/2005/resources/Codelist/gmxCodelists.xml#CI_RoleCode" codeListValue="resourceProvider">resourceProvider</CI_RoleCode>
                                    </role>
                                </CI_ResponsibleParty>
                            </distributorContact>
                            <distributionOrderProcess>
                                <MD_StandardOrderProcess>
                                    
                                    <orderingInstructions>
                                        <gco:CharacterString>Open the Queensland Spatial Catalogue (QSpatial). Select the large SEARCH button and all available records are displayed. Select one of the four filter options provided and then the further options within the filter. The resultant search is then displayed. Select your record and complete the order.</gco:CharacterString>
                                    </orderingInstructions>
                                </MD_StandardOrderProcess>
                            </distributionOrderProcess>
                            <distributorTransferOptions>
                                <MD_DigitalTransferOptions>
                                    <onLine>
                                        <CI_OnlineResource id="dns1">
                                            <linkage>
                                                <URL>http://qldspatial.information.qld.gov.au/catalogue//</URL>
                                            </linkage>
                                        </CI_OnlineResource>
                                    </onLine>
                                </MD_DigitalTransferOptions>
                            </distributorTransferOptions>
                        </MD_Distributor>
                    </formatDistributor>
                </MD_Format>
            </distributionFormat>
            <distributionFormat>
                <MD_Format id="OpenWebServices">
                    <name>
                        <gco:CharacterString>QldPlaceNames</gco:CharacterString>
                    </name>
                    <version gco:nilReason="unknown"/>
                    <specification>
                        <gco:CharacterString/>
                    </specification>
                    <formatDistributor>
                        <MD_Distributor>
                            <distributorContact>
                                <CI_ResponsibleParty>
                                    <organisationName>
                                        <gco:CharacterString>Department of Resources</gco:CharacterString>
                                    </organisationName>
                                    <role>
                                        <CI_RoleCode codeList="http://www.isotc211.org/2005/resources/Codelist/gmxCodelists.xml#CI_RoleCode" codeListValue="resourceProvider">resourceProvider</CI_RoleCode>
                                    </role>
                                </CI_ResponsibleParty>
                            </distributorContact>
                            <distributionOrderProcess>
                                <MD_StandardOrderProcess>
                                    <fees>
                                        <gco:CharacterString>Nil</gco:CharacterString>
                                    </fees>
                                    <orderingInstructions>
                                        <gco:CharacterString>For use in desktop and web applications capable of connecting to Open Geospatial Consortium (OGC) web map service endpoints. &#13;
Some clients append request parameters for the service capabilities file so depending on your client in use you may have to remove the parameters when copying the url below.</gco:CharacterString>
                                    </orderingInstructions>
                                </MD_StandardOrderProcess>
                            </distributionOrderProcess>
                            <distributorTransferOptions>
                                <MD_DigitalTransferOptions>
                                    <onLine>
                                        <CI_OnlineResource id="ows1">
                                            <linkage>
                                                <URL>https://spatial-gis.information.qld.gov.au/arcgis/services/Location/QldPlaceNames/MapServer/WMSServer?request=GetCapabilities&amp;service=WMS&amp;version=1.3.0</URL>
                                            </linkage>
                                            <protocol>
                                                <gco:CharacterString>OGC:WMS-1.3.0-http-get-capabilities</gco:CharacterString>
                                            </protocol>
                                            <applicationProfile>
                                                <gco:CharacterString>Web Map Service version 1.3.0</gco:CharacterString>
                                            </applicationProfile>
                                            <name>
                                                <gco:CharacterString>QldPlaceNames</gco:CharacterString>
                                            </name>
                                            <description>
                                                <gco:CharacterString>Point data for Qld Place Names</gco:CharacterString>
                                            </description>
                                        </CI_OnlineResource>
                                    </onLine>
                                </MD_DigitalTransferOptions>
                            </distributorTransferOptions>
                        </MD_Distributor>
                    </formatDistributor>
                </MD_Format>
            </distributionFormat>
            <distributionFormat>
                <MD_Format id="ProprietaryWebServices">
                    <name>
                        <gco:CharacterString>Place name gazetteer</gco:CharacterString>
                    </name>
                    <version gco:nilReason="unknown"/>
                    <formatDistributor>
                        <MD_Distributor>
                            <distributorContact>
                                <CI_ResponsibleParty>
                                    <organisationName>
                                        <gco:CharacterString>Department of Resources</gco:CharacterString>
                                    </organisationName>
                                    <role>
                                        <CI_RoleCode codeList="http://www.isotc211.org/2005/resources/Codelist/gmxCodelists.xml#CI_RoleCode" codeListValue="resourceProvider">resourceProvider</CI_RoleCode>
                                    </role>
                                </CI_ResponsibleParty>
                            </distributorContact>
                            <distributionOrderProcess>
                                <MD_StandardOrderProcess>
                                    <fees>
                                        <gco:CharacterString>Nil</gco:CharacterString>
                                    </fees>
                                    <orderingInstructions>
                                        <gco:CharacterString>For use in desktop and web applications capable of connecting to ArcGIS REST map service endpoints.</gco:CharacterString>
                                    </orderingInstructions>
                                </MD_StandardOrderProcess>
                            </distributionOrderProcess>
                            <distributorTransferOptions>
                                <MD_DigitalTransferOptions>
                                    <onLine>
                                        <CI_OnlineResource id="pws1">
                                            <linkage>
                                                <URL>https://spatial-gis.information.qld.gov.au/arcgis/rest/services/Basemaps/FoundationData/FeatureServer/4</URL>
                                            </linkage>
                                            <protocol>
                                                <gco:CharacterString>WWW:LINK-1.0-http--link</gco:CharacterString>
                                            </protocol>
                                            <applicationProfile>
                                                <gco:CharacterString>ArcGIS REST API</gco:CharacterString>
                                            </applicationProfile>
                                            <name>
                                                <gco:CharacterString>Place name gazetteer</gco:CharacterString>
                                            </name>
                                            <description>
                                                <gco:CharacterString>This is the list of approved place names as per the Qld Place Names Act 1994.</gco:CharacterString>
                                            </description>
                                        </CI_OnlineResource>
                                    </onLine>
                                </MD_DigitalTransferOptions>
                            </distributorTransferOptions>
                        </MD_Distributor>
                    </formatDistributor>
                </MD_Format>
            </distributionFormat>
            <distributionFormat>
                <MD_Format id="GptBehaviour">
                    <name>
                        <gco:CharacterString>downloadableData</gco:CharacterString>
                    </name>
                    <version>
                        <gco:CharacterString>10.0</gco:CharacterString>
                    </version>
                    <specification>
                        <gco:CharacterString>ESRI ArcGIS Server Geoportal Extension Content Type</gco:CharacterString>
                    </specification>
                </MD_Format>
            </distributionFormat>
            <distributor>
                <MD_Distributor id="distributorContact1">
                    <distributorContact>
                        <CI_ResponsibleParty>
                            <organisationName>
                                <gco:CharacterString>Department of Resources</gco:CharacterString>
                            </organisationName>
                            <positionName>
                                <gco:CharacterString>support@spatial-qld-support.atlassian.net</gco:CharacterString>
                            </positionName>
                            <role>
                                <CI_RoleCode codeList="http://www.isotc211.org/2005/resources/Codelist/gmxCodelists.xml#CI_RoleCode" codeListValue="distributor">distributor</CI_RoleCode>
                            </role>
                        </CI_ResponsibleParty>
                    </distributorContact>
                    
                    <distributorFormat>
                        <MD_Format>
                            <name>
                                <gco:CharacterString>From the Queensland Spatial Catalogue available as ESRI Shape file SHP, MapInfo Tab file TAB, ESRI file geodatabase FGDB, Google file KMZ, and Geopackage version 1.0, 1.1, or 1.2 file GPKG</gco:CharacterString>
                            </name>
                            <version gco:nilReason="inapplicable"/>
                        </MD_Format>
                    </distributorFormat>
                    <distributorTransferOptions>
                        <MD_DigitalTransferOptions>
                            <transferSize>
                                <gco:Real>2</gco:Real>
                            </transferSize>
                            <onLine>
                                <CI_OnlineResource>
                                    <linkage>
                                        <URL>http://qldspatial.information.qld.gov.au/catalogue/custom/search.page?q=%22Place names gazetteer - Queensland%22</URL>
                                    </linkage>
                                </CI_OnlineResource>
                            </onLine>
                            
                        </MD_DigitalTransferOptions>
                    </distributorTransferOptions>
                </MD_Distributor>
            </distributor>
            <transferOptions>
                <MD_DigitalTransferOptions id="download">
                    <onLine>
                        <CI_OnlineResource>
                            <linkage>
                                <URL/>
                            </linkage>
                            <function>
                                <CI_OnLineFunctionCode codeList="http://www.isotc211.org/2005/resources/Codelist/gmxCodelists.xml#CI_OnLineFunctionCode" codeListValue="download">download</CI_OnLineFunctionCode>
                            </function>
                        </CI_OnlineResource>
                    </onLine>
                </MD_DigitalTransferOptions>
            </transferOptions>
        </MD_Distribution>
    </distributionInfo>
    <dataQualityInfo>
        <DQ_DataQuality>
            <scope>
                <DQ_Scope>
                    <level>
                        <MD_ScopeCode codeList="http://www.isotc211.org/2005/resources/Codelist/gmxCodelists.xml#MD_ScopeCode" codeListValue="dataset">dataset</MD_ScopeCode>
                    </level>
                    
                </DQ_Scope>
            </scope>
            <report>
                <DQ_CompletenessOmission>
                    <result>
                        <DQ_ConformanceResult>
                            <specification gco:nilReason="missing"/>
                            <explanation>
                                <gco:CharacterString>Under the Act, all approved place names are to be recorded in the Gazetteer. The Act defines "place" as an area or geographical feature (whether natural or artificial). However, a "place" does not include: &#13;
a) a road within the meaning of the Transport Operations (Road Use Management Act) 1995 &#13;
b) a canal associated with residential or commercial development &#13;
c) a building or similar structure &#13;
d) a dam wall or similar structure &#13;
e) a local government area or a division or ward of a local government area &#13;
f) an electoral district under the Electoral Act 1992 &#13;
g) another place prescribed by regulation.&#13;
&#13;
Attributes are:&#13;
REF_NO: Place names reference number.&#13;
PLACE_NAME: Name of the place.&#13;
ALT_NAME: Alternate name of the place.&#13;
TYPE_: Feature type of named place.&#13;
DESCRIPTION: description of the feature type &#13;
STATUS: indication of whether the name is an approved name under the Place Names Act. &#13;
CURRENCY: indication of whether the name is current. GAZETTE_DATE: date the name was published in the Queensland Government Gazette &#13;
GAZETTE_PAGE: page number in the Gazette&#13;
PLAN_NO: Queensland Place Names Plan (QPN) number which shows the location of the feature&#13;
MODIFIED_DATE: system generated field showing the date the record was last modified&#13;
LGA_NAME: The Queensland Local Government Area the Place Name is within. This is generated via an intersect with the Local Government Boundaries dataset.&#13;
ORIGIN: Origin/derivation of the placename.&#13;
HISTORY: History about the place or any changes to the name.&#13;
LINKS: Links to further resources such as maps or plans.&#13;
COMMENTS: General comments about the name.&#13;
LONGITUDE: Longitude in degree, minutes and seconds.&#13;
LATITUDE: Latitude in degrees, minutes and seconds.&#13;
LONGITUDE_DD: Longitude in decimal degrees.&#13;
LATITUDE_DD: Latitude in decimal degrees.&#13;
SHAPE: Feature geometry.&#13;
&#13;
**NOTE - In early 2015 three new fields were added to the Place names Database. HISTORY, ORIGIN, and LINKS fields will be added to the schema. They will initial be empty fields, gradually populated with information from the general COMMENTS field.</gco:CharacterString>
                            </explanation>
                            <pass gco:nilReason="inapplicable"/>
                        </DQ_ConformanceResult>
                    </result>
                </DQ_CompletenessOmission>
            </report>
            <report>
                <DQ_ConceptualConsistency>
                    <result>
                        <DQ_ConformanceResult>
                            <specification gco:nilReason="missing"/>
                            <explanation>
                                <gco:CharacterString>Gazettal and historical information is not available for all place names.</gco:CharacterString>
                            </explanation>
                            <pass gco:nilReason="inapplicable"/>
                        </DQ_ConformanceResult>
                    </result>
                </DQ_ConceptualConsistency>
            </report>
            <report>
                <DQ_AbsoluteExternalPositionalAccuracy>
                    <result>
                        <DQ_ConformanceResult>
                            <specification gco:nilReason="missing"/>
                            <explanation>
                                <gco:CharacterString>Coordinates for place names collated from the Place Names Card File system are shown to the nearest minute of latitude and longitude. The upgraded and new records have coordinates recorded to the nearest second of latitude and longitude. For linear features such as watercourses and gullies, the point relates to the mouth or confluence.</gco:CharacterString>
                            </explanation>
                            <pass gco:nilReason="inapplicable"/>
                        </DQ_ConformanceResult>
                    </result>
                </DQ_AbsoluteExternalPositionalAccuracy>
            </report>
            <report>
                <DQ_NonQuantitativeAttributeAccuracy>
                    <result>
                        <DQ_ConformanceResult>
                            <specification gco:nilReason="missing"/>
                            <explanation>
                                <gco:CharacterString>The estimated attribute accuracy is 98% reliable.</gco:CharacterString>
                            </explanation>
                            <pass gco:nilReason="inapplicable"/>
                        </DQ_ConformanceResult>
                    </result>
                </DQ_NonQuantitativeAttributeAccuracy>
            </report>
            
            
            
            
            <lineage>
                <LI_Lineage>
                    <statement>
                        <gco:CharacterString>Information was originally contained within cadastral and topographic maps, place names card files and Queensland Government Gazettes. In the 1980's information from those resources were collated into this electronic gazetteer. Today the gazetteer is continuously updated in accordance with new actions under the Place Names Act 1994 and as further historical research is uncovered. The Queensland Government has a legislative requirement under the Act to record approved place names within Queensland.</gco:CharacterString>
                    </statement>
                    
                    
                </LI_Lineage>
            </lineage>
        </DQ_DataQuality>
    </dataQualityInfo>
    <metadataConstraints>
        <MD_SecurityConstraints>
            <useLimitation>
                <gco:CharacterString>Public</gco:CharacterString>
            </useLimitation>
            <classification>
                <MD_ClassificationCode codeList="http://www.isotc211.org/2005/resources/Codelist/gmxCodelists.xml#MD_ClassificationCode" codeListValue="unclassified"/>
            </classification>
            <classificationSystem>
                <gco:CharacterString>Metadata Access Level</gco:CharacterString>
            </classificationSystem>
        </MD_SecurityConstraints>
    </metadataConstraints>
</MD_Metadata>